Book Id,Title,Author,Author l-f,Additional Authors,ISBN,ISBN13,My Rating,Publisher,Binding,Number of Pages,Year Published,Original Publication Year,Date Read,Date Added,Bookshelves,Bookshelves with positions,Exclusive Shelf,My Review,Spoiler,Private Notes,Read Count,Owned Copies
41045061,The Mind Is Flat: The Remarkable Shallowness of the Improvising Brain,Nick Chater,"Chater, Nick",,"=""0300240619""","=""9780300240610""",0,Yale University Press,Kindle Edition,274,2018,,,2026/04/13,currently-reading,currently-reading (#20),currently-reading,,,,1,0
249620621,How to Slay a Wizard,Owen Benjamin,"Benjamin, Owen",,"=""""","=""""",5,Castalia House,Kindle Edition,185,2026,,2026/04/13,2026/03/17,,,read,,,,1,0
245172054,Wisdom Untethered: The Time for Questions,Michael A. Singer,"Singer, Michael A.",,"=""""","=""9798900220369""",0,New Harbinger Publications,Kindle Edition,,2026,2026,,2026/03/27,currently-reading,currently-reading (#19),currently-reading,,,,1,0
224458629,"Chess Made Simple: A Beginner's Guide to Learn Rules, Develop Strategies, Master Tactics, Visualize Moves, and Build Confidence to Win More Games!",Alexander Knight,"Knight, Alexander",,"=""""","=""""",0,VB Creative Publishing,Kindle Edition,188,2025,,,2026/03/15,currently-reading,currently-reading (#18),currently-reading,,,,1,0
35881748,Life 3.0: Being Human in the Age of Artificial Intelligence,Max Tegmark,"Tegmark, Max",,"=""1101946601""","=""9781101946602""",0,Vintage,Kindle Edition,364,2017,2017,,2026/02/01,currently-reading,currently-reading (#17),currently-reading,,,,1,0
61149872,The Inmate,Freida McFadden,"McFadden, Freida",,"=""""","=""""",3,Hollywood Upstairs Press ,Kindle Edition,388,2022,2022,2026/01/25,2026/01/17,,,read,,,,1,0
36215712,The Word is Murder (Hawthorne & Horowitz #1),Anthony Horowitz,"Horowitz, Anthony",,"=""0062676814""","=""9780062676818""",3,Harper,Kindle Edition,271,2018,2017,2026/01/17,2026/01/04,,,read,,,,1,0
20423680,"The Last Town (Wayward Pines, #3)",Blake Crouch,"Crouch, Blake",,"=""1477872582""","=""9781477872581""",3,Thomas & Mercer,Kindle Edition,294,2014,2014,2026/01/06,2026/01/06,,,read,,,,1,0
209329769,Somatic Exercises For Nervous System Regulation: 35 Beginner – Intermediate Techniques To Reduce Anxiety & Tone Your Vagus Nerve In Under 10 Minutes A Day (Anxiety Relief),LearnWell Books,"Books, LearnWell",,"=""1922922536""","=""9781922922533""",4,LearnWell Books,Kindle Edition,146,2024,,2026/01/06,2024/08/04,,,read,,,,1,0
232294916,You Can Just Do Things: The Power of Permissionless Action,Jay Yang,"Yang, Jay",,"=""""","=""9798992459241""",3,,Kindle Edition,148,2025,,2026/01/06,2025/11/30,,,read,,,,1,0
227981608,"The World is a Cosmic Joke - It's So Simple, You Will Laugh",SnakeSpeak Publishing,"Publishing, SnakeSpeak",,"=""""","=""9798310662360""",4,SnakeSpeak Publishing,Kindle Edition,79,2025,,2026/01/06,2025/11/23,,,read,,,,1,0
42740231,"Fall; or, Dodge in Hell",Neal Stephenson,"Stephenson, Neal",,"=""""","=""""",4,William Morrow,Kindle Edition,892,2019,2019,2026/01/06,2025/07/28,,,read,,,,1,0
62080187,Never Lie,Freida McFadden,"McFadden, Freida",,"=""""","=""""",5,Hollywood Upstairs Press,Kindle Edition,286,2022,2022,2026/01/06,2026/01/04,,,read,,,,1,0
216746418,Cold Calling Sucks (And That's Why It Works): A Step-by-Step Guide to Calling Strangers in Sales,Armand Farrokh,"Farrokh, Armand",Nick Cegelski,"=""""","=""9798991156936""",0,Transcendent Publishing,Kindle Edition,257,2024,,,2026/01/03,currently-reading,currently-reading (#16),currently-reading,,,,1,0
60692475,Wayward: Wayward Pines: 2 (The Wayward Pines Trilogy),Blake Crouch,"Crouch, Blake",,"=""0593598490""","=""9780593598498""",5,Ballantine Books,Kindle Edition,339,2022,2013,,2025/12/31,,,read,,,,1,0
60759964,Pines: Wayward Pines: 1 (The Wayward Pines Trilogy),Blake Crouch,"Crouch, Blake",,"=""0593598334""","=""9780593598337""",4,Ballantine Books,Kindle Edition,303,2022,2012,2025/12/29,2025/12/17,,,read,,,,1,0
60556912,"The Housemaid (The Housemaid, #1)",Freida McFadden,"McFadden, Freida",,"=""1803144378""","=""9781803144375""",0,Bookouture,Kindle Edition,329,2022,2022,,2025/12/24,currently-reading,currently-reading (#15),currently-reading,,,,1,0
55737242,Selling the Cloud : A Playbook for Success in Cloud Software and Enterprise Sales,Mark Petruzzi,"Petruzzi, Mark",Paul Melchiorre,"=""""","=""""",0,,Kindle Edition,206,2020,,,2025/12/17,currently-reading,currently-reading (#14),currently-reading,,,,1,0
232941278,Ingram,Louis C.K.,"C.K., Louis",,"=""1637747918""","=""9781637747919""",0,BenBella Books,Kindle Edition,288,2025,2025,,2025/12/17,currently-reading,currently-reading (#13),currently-reading,,,,1,0
43542745,Quo Vadis: A Story of St. Peter in Rome in the Reign of Emperor Nero,Henryk Sienkiewicz,"Sienkiewicz, Henryk",Jeremiah Curtin,"=""8026899326""","=""9788026899327""",0,e-artnow,Kindle Edition,291,2019,1896,,2025/11/26,currently-reading,currently-reading (#12),currently-reading,,,,1,0
156356558,The Great Awakening: Defeating the Globalists and Launching the Next Great Renaissance,Alex Jones,"Jones, Alex",Kent Heckenlively,"=""1510779035""","=""9781510779037""",5,Skyhorse,Kindle Edition,456,2023,,2025/11/24,2025/10/26,,,read,,,,1,0
22328,Neuromancer (Sprawl #1),William Gibson,"Gibson, William",,"=""""","=""""",2,Ace Books,Mass Market Paperback,271,1985,1984,2013/12/08,2013/12/08,,,read,,,,1,0
108942,"Bad Luck and Trouble (Jack Reacher, #11)",Lee Child,"Child, Lee",,"=""0385340559""","=""9780385340557""",0,Delacorte Press,Hardcover,378,2007,2007,,2025/09/18,to-read,to-read (#92),to-read,,,,0,0
212343945,"Irreducible: Consciousness, Life, Computers, and Human Nature",Federico Faggin,"Faggin, Federico",,"=""180341510X""","=""9781803415109""",5,Essentia Books,Kindle Edition,338,2024,,2025/06/03,2025/04/05,,,read,,,,1,0
53329296,Manhunt,Gretchen Felker-Martin,"Felker-Martin, Gretchen",,"=""1250794641""","=""9781250794642""",0,Nightfire,Paperback,296,2022,2022,,2025/07/09,to-read,to-read (#91),to-read,,,,0,0
11341317,The Brothers Karamazov,Fyodor Dostoevsky,"Dostoevsky, Fyodor","Richard Pevear, Larissa Volokhonsky","=""""","=""""",0,North Point Press,Kindle Edition,828,2002,1880,,2025/06/24,currently-reading,currently-reading (#11),currently-reading,,,,1,0
18881991,"Many Lives, Many Masters: The True Story of a Prominent Psychiatrist, His Young Patient, and the Past-Life Therapy That Changed Both Their Lives",Brian L. Weiss,"Weiss, Brian L.",,"=""""","=""""",0,Touchstone,Kindle Edition,227,2012,1988,,2025/05/20,currently-reading,currently-reading (#10),currently-reading,,,,1,0
212977735,The 5 Types of Wealth: A Transformative Guide to Design Your Dream Life,Sahil Bloom,"Bloom, Sahil",,"=""0593723198""","=""9780593723197""",2,Ballantine Books,Kindle Edition,379,2025,2025,2025/04/05,2025/04/05,,,read,,,,1,0
197029269,The Count of Monte Cristo (Alexandre Dumas Classics),Alexandre Dumas,"Dumas, Alexandre",,"=""1916700403""","=""9781916700406""",0,Global Publishers,Kindle Edition,1578,2023,1844,,2024/05/09,currently-reading,currently-reading (#9),currently-reading,,,,1,0
201952716,"Ikigai & Kaizen: The Japanese Strategy to Achieve Personal Happiness and Professional Success (How to set goals, stop procrastinating, be more productive, build good habits, focus, & thrive)",Anthony Raymond,"Raymond, Anthony",,"=""""","=""""",4,,Kindle Edition,241,2023,,,2024/06/21,,,read,,,,1,0
62090812,The Creative Act: A Way of Being,Rick Rubin,"Rubin, Rick",,"=""0593653424""","=""9780593653425""",4,Penguin Press,Kindle Edition,418,2023,2023,,2024/06/21,,,read,,,,1,0
18958777,The Book of Secrets: 112 Meditations to Discover the Mystery Within,Osho,"Osho, Osho",Osho,"=""""","=""""",3,Osho Media International,Kindle Edition,1327,2012,1974,2025/02/26,2020/09/18,,,read,,,,1,0
60749618,"The Body Keeps the Score: Brain, Mind, and Body in the Healing of Trauma",Bessel van der Kolk,"Kolk, Bessel van der",,"=""""","=""""",2,Viking Adult,Kindle Edition,445,2014,2014,2025/02/26,2022/05/21,,,read,,,,1,0
13503222,"Batman, Volume 1: The Court of Owls",Scott Snyder,"Snyder, Scott","Greg Capullo, Jonathan Glapion","=""1401238718""","=""9781401238711""",4,DC Comics,Kindle Edition,176,2012,2012,2025/02/26,2023/06/30,,,read,,,,1,0
123849373,Physique Secrets: The Complete Playbook For Building An Amazing Male Body,Nick Schlager,"Schlager, Nick",,"=""""","=""""",4,,Kindle Edition,441,2023,,2025/02/26,2023/08/05,,,read,,,,1,0
56238682,"Simply Philosophical Quotes: 915 Inspiring, Thought-Provoking Quotes from 10 Influential Philosophers to Open Your Third Eye",Abstract Thoughts,"Thoughts, Abstract",,"=""""","=""""",4,AT Publishing,Kindle Edition,264,2020,,2024/02/26,2023/11/10,,,read,,,,1,0
55445270,"The Book of Self Mastery: Timeless Quotes About Knowing, Changing, and Mastering Yourself",Ryan A. Bush,"Bush, Ryan A.",Designing the Mind,"=""""","=""""",4,Designing the Mind,Kindle Edition,157,2020,,2024/03/09,2024/03/09,,,read,,,,2,0
36951345,"Outbound Sales, No Fluff: Written by two millennials who have actually sold something this decade.",Ryan Reisert,"Reisert, Ryan",Rex Biberston,"=""""","=""""",2,,Kindle Edition,78,2017,,2024/07/26,2024/05/04,,,read,,,,1,0
58828739,Of Wolves and Men (Scribner Classics),Barry Lopez,"Lopez, Barry",,"=""""","=""""",4,Open Road Media,Kindle Edition,337,2016,1978,2024/11/01,2024/06/17,,,read,,,,1,0
53400015,The Book: On the Taboo Against Knowing Who You Are,Alan W. Watts,"Watts, Alan W.",,"=""""","=""""",3,,Kindle Edition,178,,1966,2024/11/26,2024/10/03,,,read,,,,1,0
2232424,Softwar: An Intimate Portrait of Larry Ellison and Oracle,Matthew Symonds,"Symonds, Matthew",Larry Ellison,"=""074322504X""","=""9780743225045""",5,Simon & Schuster,Hardcover,528,2003,2003,,2024/03/05,,,read,,,,2,0
29527553,Walden,Henry David Thoreau,"Thoreau, Henry David",,"=""1681959054""","=""9781681959054""",2,Coterie Classics,Kindle Edition,196,2016,1854,2025/02/26,2025/02/12,,,read,,,,1,0
53528292,Tao Te Ching,Lao Tzu,"Tzu, Lao","Sam Torode, Dwight Goddard","=""""","=""""",4,Ancient Renewal,Kindle Edition,90,2020,-350,2025/02/26,2020/09/18,,,read,,,,1,0
43849535,The Book of Five Rings,Miyamoto Musashi,"Musashi, Miyamoto",,"=""9897787917""","=""9789897787911""",3,KTHTK,Kindle Edition,101,2026,1645,2025/02/26,2020/09/18,,,read,,,,1,0
186074,"The Name of the Wind (The Kingkiller Chronicle, #1)",Patrick Rothfuss,"Rothfuss, Patrick",,"=""075640407X""","=""9780756404079""",5,Penguin Group DAW,Hardcover,662,2007,2007,2013/05/31,2013/05/14,,,read,,,,1,0
18899214,"The Billionaire and the Mechanic: How Larry Ellison and a Car Mechanic Teamed up to Win Sailing's Greatest Race, the Americas Cup, Twice",Julian Guthrie,"Guthrie, Julian",,"=""0802193315""","=""9780802193315""",5,Grove Press,Kindle Edition,434,2013,2013,2024/10/29,2024/10/29,,,read,,,,1,0
74516548,"Limitless Expanded Edition: Upgrade Your Brain, Learn Anything Faster, and Unlock Your Exceptional Life",Jim Kwik,"Kwik, Jim",,"=""1401968775""","=""9781401968779""",4,Hay House LLC,Kindle Edition,442,2023,2020,2024/10/19,2022/06/29,,,read,,,,1,0
8301050,"The Art of Asking: Ask Better Questions, Get Better Answers",Terry J. Fadem,"Fadem, Terry J.",,"=""""","=""""",4,FT Press,Kindle Edition,224,2008,2008,,2024/10/19,,,read,,,,1,0
11524771,Ghost in the Wires: My Adventures as the World's Most Wanted Hacker,Kevin D. Mitnick,"Mitnick, Kevin D.","William L. Simon, Steve Wozniak","=""""","=""""",4,"Little, Brown and Company",Kindle Edition,433,2011,2011,,2024/10/19,,,read,,,,1,0
133490878,The White Continent,Thomas R Henry,"Henry, Thomas R",,"=""""","=""""",3,William Sloane,Hardcover,0,1950,,,2024/10/19,,,read,,,,1,0
196848596,Good Energy: The Surprising Connection Between Metabolism and Limitless Health,Casey Means,"Means, Casey",Calley Means,"=""0593712641""","=""9780593712641""",5,Avery,Hardcover,400,2024,2024,,2024/10/19,,,read,,,,1,0
18887819,Get-Fit Guy's Secrets to a Better Workout,Ben Greenfield,"Greenfield, Ben",,"=""1466814225""","=""9781466814226""",2,St. Martin's Griffin,Kindle Edition,40,2012,2012,,2024/09/21,,,read,,,,2,0
45024007,The Singularity Is Nearer: When We Merge with AI,Ray Kurzweil,"Kurzweil, Ray",,"=""0399562761""","=""9780399562761""",5,Viking,Hardcover,432,2024,2024,2024/08/26,2024/08/17,,,read,,,,1,0
45437581,"The Unabomber Manifesto: A Brilliant Madman's Essay on Technology, Society, and the Future of Humanity",Theodore John Kaczynski,"Kaczynski, Theodore John",,"=""1544502168""","=""9781544502168""",4,Panthera Classics,Kindle Edition,226,2019,1995,2024/08/26,2024/06/01,,,read,,,,1,0
944652,Poor Charlie's Almanack: The Wit and Wisdom of Charles T. Munger,Charles T. Munger,"Munger, Charles T.",Peter E. Kaufman,"=""157864366X""","=""9781578643660""",3,Donning Co Pub,Hardcover,512,2006,2005,,2020/09/18,,,read,,,,1,0
57678729,The Qualified Sales Leader: Proven Lessons from a Five Time CRO,John McMahon,"McMahon, John",Dev Ittycheria,"=""""","=""""",4,,Kindle Edition,348,2021,,,2024/06/21,,,read,,,,1,0
242472,The Black Swan: The Impact of the Highly Improbable,Nassim Nicholas Taleb,"Taleb, Nassim Nicholas",,"=""1400063515""","=""9781400063512""",3,Random House ,Hardcover,480,2007,2007,,2020/09/18,,,read,,,,1,0
22047640,"Zero to One: Notes on Startups, or How to Build the Future",Peter Thiel,"Thiel, Peter",Blake  Masters,"=""""","=""""",4,Crown Business,ebook,223,2014,2014,,2020/02/17,,,read,,,,1,0
123684,Influence: Science and Practice,Robert B. Cialdini,"Cialdini, Robert B.",,"=""0321011473""","=""9780321011473""",4,Allyn & Bacon,Paperback,262,2001,1984,,2013/08/25,,,read,,,,1,0
54298022,Invent and Wander: The Collected Writings of Jeff Bezos,Jeff Bezos,"Bezos, Jeff",Walter Isaacson,"=""1647820723""","=""9781647820725""",4,Harvard Business Review Press,Kindle Edition,274,2020,2020,2024/08/24,2024/08/24,,,read,,,,1,0
56031730,Beyond Order: 12 More Rules for Life,Jordan B. Peterson,"Peterson, Jordan B.",,"=""0593084659""","=""9780593084656""",4,Portfolio,Kindle Edition,432,2021,2021,2021/04/02,2021/03/04,,,read,,,,1,0
54267352,The Tibetan Book of Living and Dying,Sogyal Rinpoche,"Rinpoche, Sogyal",,"=""""","=""""",4,HarperOne,Kindle Edition,,2020,1992,2024/06/21,2024/03/09,,,read,,,,1,0
18942667,"René Girard's Mimetic Theory (Studies in Violence, Mimesis & Culture)",Wolfgang Palaver,"Palaver, Wolfgang",,"=""1628961074""","=""9781628961072""",0,Michigan State University Press,Kindle Edition,418,2013,2008,2024/06/21,2020/07/02,,,read,,,,1,0
10813967,The Book of Life: Daily Meditations with Krishnamurti,J. Krishnamurti,"Krishnamurti, J.",,"=""""","=""""",3,,Kindle Edition,353,,1995,2024/06/21,2020/07/11,,,read,,,,1,0
24968342,"Nexus (Nexus, #1)",Ramez Naam,"Naam, Ramez",,"=""194294800X""","=""9781942948001""",4,Angry Robot,Kindle Edition,404,2019,2012,2024/06/21,2024/05/21,,,read,,,,1,0
199334238,"30 Rules To Live By: How Small Timeless Habits Completely Change Your View On Wealth, Desire And Everyday Vices To Reach Long-Lasting Happiness (Stoicism Mastery)",Thinknetic,"Thinknetic, Thinknetic",,"=""""","=""""",5,,Kindle Edition,216,2023,,2024/05/06,2024/05/06,,,read,,,,1,0
50027,"Homeland (Forgotten Realms: The Dark Elf Trilogy, #1; Legend of Drizzt, #1)",R.A. Salvatore,"Salvatore, R.A.",,"=""""","=""""",5,Wizards of the Coast,Mass Market Paperback,343,2025,1990,2015/07/15,2015/07/22,,,read,,,,1,0
63933688,"Tripwire (Jack Reacher, #3)",Lee Child,"Child, Lee",,"=""""","=""""",4,Berkley; Reprint edition,Kindle Edition,586,2007,1999,2024/05/04,2024/04/12,,,read,,,,2,0
125188440,"The Firm (The Firm, #1)",John Grisham,"Grisham, John",,"=""""","=""""",5,Dell,Kindle Edition,498,2023,1991,,2024/03/09,,,read,,,,1,0
54529554,Discipline Equals Freedom: Field Manual Mk1-MOD1,Jocko Willink,"Willink, Jocko",,"=""1250276187""","=""9781250276186""",5,St. Martin's Press,Kindle Edition,238,2020,2017,2021/03/16,2023/02/22,,,read,,,,1,0
20447117,Linux for Beginners,Jason Cannon,"Cannon, Jason",,"=""""","=""""",4,,Kindle Edition,147,2014,2014,2024/03/25,2024/03/05,,,read,,,,1,0
55842787,101 Things I Learned in Business School,Michael W. Preis,"Preis, Michael W.",Matthew Frederick,"=""1524761923""","=""9781524761929""",4,Crown,Hardcover,216,2021,2010,,2024/03/09,,,read,,,,1,0
127705975,QBQ! The Question Behind the Question: Practicing Personal Accountability at Work and in Life by John G. Miller (Sep 13 2004),Unknown Author,"Author, Unknown",,"=""""","=""""",5,Putnam Adult,Unknown Binding,0,1994,2014,,2024/03/05,,,read,,,,1,0
43609554,The Secret History of the World: As Laid Down by the Secret Societies,Mark Booth,"Booth, Mark",Jonathan  Black,"=""""","=""""",4,ABRAMS Press,Kindle Edition,705,2010,2007,,2024/03/05,,,read,,,,1,0
123292163,The Kaiju Preservation Society,John Scalzi,"Scalzi, John",,"=""""","=""""",2,Tor Books,Kindle Edition,261,2023,2022,,2024/03/05,,,read,,,,1,0
52181741,Die with Zero: Getting All You Can from Your Money and Your Life,Bill  Perkins,"Perkins, Bill",,"=""""","=""""",3,Houghton Mifflin Harcourt,Kindle Edition,240,2020,2020,,2024/03/05,,,read,,,,1,0
56622694,Designing the Mind: The Principles of Psychitecture,Ryan A. Bush,"Bush, Ryan A.",Designing the Mind,"=""""","=""""",5,,Kindle Edition,270,2021,,,2024/03/05,,,read,,,,1,0
55228017,Good Dog: A Collection of Portraits,Randal Ford,"Ford, Randal",W. Bruce Cameron,"=""1599621487""","=""9781599621487""",5,Rizzoli,Hardcover,208,2020,,,2024/03/05,,,read,,,,1,0
60808316,Tracers in the Dark: The Global Hunt for the Crime Lords of Cryptocurrency,Andy Greenberg,"Greenberg, Andy",,"=""""","=""""",5,Vintage,Kindle Edition,512,2022,,2024/02/19,2024/02/19,,,read,,,,1,0
15740433,Kill Decision,Daniel Suarez,"Suarez, Daniel",,"=""1101587334""","=""9781101587331""",5,Dutton Adult,Kindle Edition,400,2012,2012,2023/12/11,2023/12/11,,,read,,,,1,0
200179688,"The Anthology of Balaji: A Guide to Technology, Truth, and Building the Future",Eric Jorgenson,"Jorgenson, Eric",Balaji Srinivasan,"=""1544542909""","=""9781544542904""",5,Smart Friends Publishing,Kindle Edition,273,2023,,2023/12/10,2023/11/03,,,read,,,,1,0
63040251,"Cortisol: The Master Hormone: Improve Your Health, Weight, Fertility, Menopause, Longevity, and Reduce Stress",Wibe Wagemans,"Wagemans, Wibe",Ioana A.  Bina,"=""""","=""""",3,Pardigm Inc.,Kindle Edition,174,2022,,2023/12/10,2023/06/30,,,read,,,,1,0
50894550,"Autophagy: How to Leverage Your Body’s Natural Intelligence to Activate the Anti-Age Process, Detox Your Body and Lose Weight Faster Than Ever Before",Alaina W. Bolton,"Bolton, Alaina W.",,"=""""","=""""",3,,Kindle Edition,67,2019,,2023/12/10,2023/06/30,,,read,,,,1,0
82368586,The ChatGPT Millionaire (Chat GPT Mastery),Neil Dagger,"Dagger, Neil",,"=""""","=""""",2,,Kindle Edition,130,2023,,2023/12/10,2023/03/23,,,read,,,,1,0
116257226,The ChatGPT Prompt Library: Second Edition (Revised) (Artificial Intelligence Guides Book 3),Aurimas Butvilauskas,"Butvilauskas, Aurimas",,"=""""","=""""",2,,Kindle Edition,807,2023,,2023/12/10,2023/03/22,,,read,,,,1,0
123254126,GPT-4: Mastering the Multimodal Mind (Artificial Intelligence Guides Book 7),Aurimas Butvilauskas,"Butvilauskas, Aurimas",,"=""""","=""""",2,,Kindle Edition,167,2023,,2023/12/10,2023/03/18,,,read,,,,1,0
61919682,The No BS Kettlebell and Bodyweight Kickstart Program,Aleks Salkin,"Salkin, Aleks",,"=""""","=""""",3,,Kindle Edition,116,2022,,2023/12/10,2022/12/30,,,read,,,,1,0
9976177,The Bed of Procrustes: Philosophical and Practical Aphorisms (Incerto Book 4),Nassim Nicholas Taleb,"Taleb, Nassim Nicholas",,"=""""","=""""",4,,Kindle Edition,168,,2010,2020/12/02,2020/09/14,,,read,,,,1,0
62559935,The Girl in the Eagle's Talons (Millennium #7),Karin Smirnoff,"Smirnoff, Karin",,"=""0593536703""","=""9780593536704""",2,Vintage Crime/Black Lizard,Kindle Edition,368,2023,2022,2023/12/10,2023/11/10,,,read,,,,1,0
197038299,Reframe Your Brain: The User Interface for Happiness and Success (The Scott Adams Success Series),Scott Adams,"Adams, Scott",Joshua Lisec,"=""""","=""9798988534921""",5,"Scott Adams, Inc.",Kindle Edition,247,2023,,2023/10/01,2023/09/07,,,read,,,,1,0
58049183,"The Carnivore Code Cookbook Reclaim Your Health, Strength, and Vitality with 100+ Delicious Recipes",Paul Saladino,"Saladino, Paul",,"=""""","=""""",4,,Unknown Binding,344,2021,,2023/09/12,2023/07/19,,,read,,,,1,0
59028312,"Daemon (Daemon, #1)",Leinad Zeraus,"Zeraus, Leinad",Daniel Suarez,"=""""","=""""",4,Dutton,Kindle Edition,489,2009,2006,2023/08/24,2023/08/09,,,read,,,,1,0
60439455,The Tate Bible,Andrew Tate,"Tate, Andrew",G. Slim,"=""""","=""""",0,,Kindle Edition,300,2022,,,2023/08/28,currently-reading,currently-reading (#8),currently-reading,,,,1,0
18624273,The War of Art,Steven Pressfield,"Pressfield, Steven","Coyne, Shawn","=""""","=""""",4,Black Irish Entertainment LLC,Kindle Edition,194,2011,2002,2023/08/09,2023/08/09,,,read,,,,1,0
51000185,The Carnivore Code: Unlocking the Secrets to Optimal Health by Returning to Our Ancestral Diet,Paul Saladino,"Saladino, Paul",,"=""""","=""""",5,Fundamental Press,Kindle Edition,399,2020,2020,,2023/07/19,,,read,,,,0,0
58189985,Summary of The 5am Club: Own Your Morning Elevate Your Life,Betteryou Summaries,"Summaries, Betteryou",,"=""""","=""""",5,,Kindle Edition,24,2021,,2023/06/30,2023/06/30,,,read,,,,1,0
37502596,The 5 AM Club: Own Your Morning. Elevate Your Life,Robin Sharma,"Sharma, Robin",,"=""1443456632""","=""9781443456630""",5,HarperCollins Publishers,ebook,336,2018,2018,,2022/10/26,,,read,,,,1,0
55120630,"The Comfort Crisis: Embrace Discomfort To Reclaim Your Wild, Happy, Healthy Self",Michael Easter,"Easter, Michael",,"=""0593138767""","=""9780593138762""",5,Rodale Books,Hardcover,304,2021,2021,,2023/06/24,,,read,,,,1,0
61238006,Value Economics: The Study of Identity,Sam LaCrosse,"LaCrosse, Sam",,"=""1544529449""","=""9781544529448""",5,"Don't Do This, LLC",Kindle Edition,313,2022,,2023/05/05,2023/04/17,,,read,hilarious turns with profound insight,,,1,0
83172020,How To Self-Learn Anything: Must-Have Self-Learning Tools To Become An Expert In Anything (Self-Learning Mastery),Thinknetic,"Thinknetic, Thinknetic",,"=""""","=""""",0,,Kindle Edition,178,2023,,2023/04/16,2023/04/16,,,read,,,,1,0
41941223,Recursion,Blake Crouch,"Crouch, Blake",,"=""1524759805""","=""9781524759803""",4,Ballantine Books,Kindle Edition,324,2019,2019,2023/04/15,2023/03/18,,,read,,,,1,0
18920928,The Third Eye,Sophia Stewart,"Stewart, Sophia",,"=""""","=""""",2,"All Eyes On Me, INC.",Kindle Edition,245,2006,1981,2023/04/15,2023/03/16,,,read,,,,1,0
23318254,Kettlebell: The Ultimate Kettlebell Workout to Lose Weight and Get Ripped in 30 Days,John     Powers,"Powers, John",,"=""""","=""""",4,Kettlebell,Kindle Edition,126,2014,2014,2023/04/15,2023/03/16,,,read,,,,1,0
58503121,Dopamine Detox : A Short Guide to Remove Distractions and Train Your Brain to Do Hard Things (Productivity Series Book 1),Thibaut Meurisse,"Meurisse, Thibaut",Kerry J.  Donovan,"=""""","=""""",4,,Kindle Edition,62,2021,2021,2023/04/12,2023/04/10,,,read,,,,1,0
57343547,"The Everyday Hero Manifesto: Activate Your Positivity, Maximize Your Productivity, Serve the World",Robin Sharma,"Sharma, Robin",,"=""1443465356""","=""9781443465359""",5,HarperCollins Publishers,Hardcover,400,2021,2021,2023/03/23,2023/03/23,,,read,,,,1,0
17934530,"Annihilation (Southern Reach, #1)",Jeff Vandermeer,"Vandermeer, Jeff",,"=""0374104093""","=""9780374104092""",0,"Farrar, Straus and Giroux",Paperback,195,2014,2014,,2023/03/16,to-read,to-read (#90),to-read,,,,0,0
350,Stranger in a Strange Land,Robert A. Heinlein,"Heinlein, Robert A.",James Warhola,"=""""","=""""",0,Ace,Paperback,525,1991,1961,,2023/03/16,to-read,to-read (#89),to-read,,,,0,0
2493,The Time Machine,H.G. Wells,"Wells, H.G.","Greg Bear, Carlo Pagetti","=""""","=""""",0,Signet Classics,Paperback,118,2002,1895,,2023/03/16,to-read,to-read (#88),to-read,,,,0,0
40745,Mindset: The New Psychology of Success,Carol S. Dweck,"Dweck, Carol S.",,"=""""","=""""",4,Random House,Hardcover,276,2006,2006,2019/10/04,2019/07/17,,,read,,,,1,0
25733442,Version Control,Dexter Palmer,"Palmer, Dexter",,"=""0307907597""","=""9780307907592""",0,Pantheon,Hardcover,495,2016,2016,,2023/03/16,to-read,to-read (#87),to-read,,,,0,0
33413556,The Gone World,Tom Sweterlitsch,"Sweterlitsch, Tom",,"=""0399167501""","=""9780399167508""",0,G.P. Putnam's Sons,Hardcover,400,2018,2018,,2023/03/16,to-read,to-read (#86),to-read,,,,0,0
51896414,Summary of Lifespan: Why We Age―and Why We Don't Have To,High Speed Reads,"Reads, High Speed",,"=""""","=""""",3,,Kindle Edition,28,2019,,2023/03/16,2023/01/14,,,read,,,,1,0
59121046,"Built from Broken: A Science-Based Guide to Healing Painful Joints, Preventing Injuries, and Rebuilding Your Body",Scott H Hogan,"Hogan, Scott H",,"=""1735728519""","=""9781735728513""",3,,Kindle Edition,614,2021,,2023/03/16,2022/12/30,,,read,,,,1,0
33396171,"All Systems Red (The Murderbot Diaries, #1)",Martha Wells,"Wells, Martha",,"=""""","=""""",2,Tordotcom,ebook,156,2017,2017,2023/03/16,2023/01/14,,,read,,,,1,0
54860444,Wanting: The Power of Mimetic Desire in Everyday Life,Luke Burgis,"Burgis, Luke",,"=""1250262488""","=""9781250262486""",0,St. Martin's Press,Hardcover,304,2021,2021,,2023/03/16,to-read,to-read (#85),to-read,,,,0,0
59660671,Building a Second Brain: A Proven Method to Organize Your Digital Life and Unlock Your Creative Potential,Tiago Forte,"Forte, Tiago",,"=""1982167408""","=""9781982167400""",0,Atria Books,Kindle Edition,269,2022,2022,,2023/03/16,to-read,to-read (#84),to-read,,,,0,0
19890844,"Never Eat Alone: And Other Secrets to Success, One Relationship at a Time",Keith Ferrazzi,"Ferrazzi, Keith",Tahl Raz,"=""0385346662""","=""9780385346665""",0,Crown Currency,Kindle Edition,402,2014,2005,,2023/03/16,to-read,to-read (#83),to-read,,,,0,0
43723901,Lifespan: Why We Age―and Why We Don't Have To,David A. Sinclair,"Sinclair, David A.",,"=""1501191977""","=""9781501191978""",0,Atria Books,Hardcover,432,2019,2019,,2022/09/03,currently-reading,currently-reading (#7),currently-reading,,,,1,0
27833670,Dark Matter,Blake Crouch,"Crouch, Blake",,"=""1101904224""","=""9781101904220""",5,Ballantine Books,Hardcover,342,2016,2016,2022/11/17,2022/09/16,,,read,,,,1,0
1173576,What Every Body is Saying: An Ex-FBI Agent's Guide to Speed-Reading People,Joe Navarro,"Navarro, Joe",Marvin Karlins,"=""0061438294""","=""9780061438295""",5,Collins,Paperback,250,2008,2008,2014/09/01,2014/08/11,,,read,,,,1,0
49661162,"Randomize (Forward Collection, #6)",Andy Weir,"Weir, Andy",,"=""1542044251""","=""9781542044257""",5,Amazon Original Stories,Kindle Edition,28,2019,2019,2022/10/09,2022/10/08,,,read,,,,1,0
60852462,The Great Reset: And the War for the World,Alex Jones,"Jones, Alex",,"=""""","=""""",5,Skyhorse,Kindle Edition,261,2022,,2022/10/06,2022/09/16,,,read,,,,1,0
53500087,The Power of Discipline: How to Use Self Control and Mental Toughness to Achieve Your Goals,Daniel Walter,"Walter, Daniel",,"=""""","=""""",4,Pristine Publishing,Kindle Edition,134,2020,,2022/09/21,2022/09/12,,,read,,,,1,0
5263037,The Hindus: An Alternative History,Wendy Doniger,"Doniger, Wendy",,"=""1594202052""","=""9781594202056""",0,Penguin Books,Hardcover,800,2009,2009,,2022/09/16,to-read,to-read (#82),to-read,,,,0,0
12391521,The Psychopath Test: A Journey Through the Madness Industry,Jon Ronson,"Ronson, Jon",,"=""1594485755""","=""9781594485756""",0,Riverhead Books,Paperback,275,2012,2011,,2022/09/16,to-read,to-read (#81),to-read,,,,0,0
58677491,The Memory Librarian: And Other Stories of Dirty Computer,Janelle Monáe,"Monáe, Janelle","Yohanca Delgado, Eve L. Ewing, Alaya Dawn Johnson, Danny Lore, Sheree Renée Thomas","=""0063070871""","=""9780063070875""",0,Harper Voyager,Hardcover,321,2022,2022,,2022/09/16,to-read,to-read (#80),to-read,,,,0,0
58854354,The Law of Attraction Simplified: The Practical Secret to Manifesting a Better Life,Tim Grimes,"Grimes, Tim",,"=""""","=""""",4,,Kindle Edition,135,2021,,2022/09/12,2022/09/11,,,read,,,,1,0
8545154,American Psycho,Bret Easton Ellis,"Ellis, Bret Easton",,"=""""","=""""",4,Vintage,ebook,382,2010,1991,2022/09/09,2022/08/22,,,read,,,,1,0
2007791,The Secret Pulse of Time: Making Sense of Life's Scarcest Commodity,Stefan Klein,"Klein, Stefan",Shelley Frisch,"=""160094017X""","=""9781600940170""",0,Da Capo Lifelong Books,Hardcover,368,2007,2006,,2022/09/03,to-read,to-read (#79),to-read,,,,0,0
41795733,Range: Why Generalists Triumph in a Specialized World,David   Epstein,"Epstein, David",,"=""0735214484""","=""9780735214484""",0,Riverhead Books,Hardcover,339,2019,2019,,2022/09/03,to-read,to-read (#78),to-read,,,,0,0
14096,"Wherever You Go, There You Are: Mindfulness Meditation in Everyday Life",Jon Kabat-Zinn,"Kabat-Zinn, Jon",,"=""1401307787""","=""9781401307783""",0,Balance,Paperback,304,2005,1994,,2022/09/03,to-read,to-read (#77),to-read,,,,0,0
38728977,"The Molecule of More: How a Single Chemical in Your Brain Drives Love, Sex, and Creativity—and Will Determine the Fate of the Human Race",Daniel Z. Lieberman,"Lieberman, Daniel Z.",Michael E. Long,"=""1946885118""","=""9781946885111""",0,BenBella Books,Hardcover,240,2018,2018,,2022/09/03,to-read,to-read (#76),to-read,,,,0,0
31920777,American Kingpin: The Epic Hunt for the Criminal Mastermind Behind the Silk Road,Nick Bilton,"Bilton, Nick",,"=""1591848148""","=""9781591848141""",0,Portfolio,Hardcover,328,2017,2017,,2022/09/03,to-read,to-read (#75),to-read,,,,0,0
51277289,"Chakras for Beginners: A Guide to Understanding 7 Chakras of the Body: Nourish, Heal, And Fuel The Chakras For Higher Consciousness And Awakening!",Rohit Sahu,"Sahu, Rohit",,"=""""","=""""",0,Rohit Sahu,Kindle Edition,68,2020,2020,,2022/08/22,currently-reading,currently-reading (#6),currently-reading,,,,1,0
61163680,Kundalini Awakening: Chakras Activation To Expand Mind Power (Open Your Third Eye With Chakra Meditation And Breathing Techniques),Donald Harpers,"Harpers, Donald",,"=""""","=""""",0,,Kindle Edition,,2022,,,2022/07/20,currently-reading,currently-reading (#5),currently-reading,,,,1,0
19437999,The Untethered Soul: The Journey Beyond Yourself,Michael A. Singer,"Singer, Michael A.",,"=""1608820491""","=""9781608820498""",5,New Harbinger Publications,Kindle Edition,314,2007,2007,2022/07/20,2022/06/28,,,read,,,,1,0
58563697,"The Gap and The Gain: The High Achievers' Guide to Happiness, Confidence, and Success",Dan  Sullivan,"Sullivan, Dan",Benjamin P. Hardy,"=""1401964370""","=""9781401964375""",4,Hay House Business,Kindle Edition,244,2021,,,2022/07/02,,,read,,,,1,0
13,"The Ultimate Hitchhiker’s Guide to the Galaxy (Hitchhiker's Guide to the Galaxy, #1-5)",Douglas Adams,"Adams, Douglas",,"=""0345453743""","=""9780345453747""",5,Del Rey Books,Paperback,815,2002,1996,,2022/06/29,,,read,,,,1,0
13587213,"Making Habits, Breaking Habits: Why We Do Things, Why We Don't, and How to Make Any Change Stick",Jeremy  Dean,"Dean, Jeremy",,"=""0738215988""","=""9780738215983""",4,Da Capo Lifelong Books,Hardcover,272,2013,2012,,2022/06/26,to-read,to-read (#74),to-read,,,,1,0
96358,Batman: The Killing Joke,Alan             Moore,"Moore, Alan","Brian Bolland, Tim Sale","=""0930289455""","=""9780930289454""",5,DC Comics,Paperback,50,1995,1988,2019/12/05,2019/11/05,,,read,,,,1,0
42933122,"The Girl Who Lived Twice (Millennium, #6)",David Lagercrantz,"Lagercrantz, David",,"=""""","=""""",2,Knopf,ebook,368,2019,2019,,2021/12/24,,,read,,,,1,0
12187787,The Beginning of Infinity: Explanations That Transform the World,David Deutsch,"Deutsch, David",,"=""1101549823""","=""9781101549827""",3,Penguin Books,Kindle Edition,498,2011,2011,,2021/12/24,,,read,,,,1,0
25229763,Psycho-Cybernetics: Updated and Expanded (The Psycho-Cybernetics Series),Maxwell Maltz,"Maltz, Maxwell",,"=""0698407369""","=""9780698407367""",4,Tarcher,Kindle Edition,310,2015,1960,2022/04/03,2022/05/21,,,read,,,,1,0
52696926,Hunting Whitey: The Inside Story of the Capture & Killing of America's Most Wanted Crime Boss,Casey Sherman,"Sherman, Casey",Dave Wedge,"=""0062972545""","=""9780062972545""",3,William Morrow,Hardcover,368,2020,2020,2020/12/27,2020/12/20,,,read,,,,1,0
58975776,Reality+: Virtual Worlds and the Problems of Philosophy,David J. Chalmers,"Chalmers, David J.",,"=""0393635813""","=""9780393635812""",3,W. W. Norton & Company,Kindle Edition,531,2022,2022,,2022/05/21,,,read,,,,1,0
29496076,Killers of the Flower Moon: The Osage Murders and the Birth of the FBI,David Grann,"Grann, David",,"=""0385534256""","=""9780385534253""",0,Doubleday,ebook,359,2017,2017,,2022/05/21,to-read,to-read (#73),to-read,,,,0,0
54498122,COVID-19: The Great Reset,Klaus Schwab,"Schwab, Klaus",Thierry Malleret,"=""2940631115""","=""9782940631117""",2,Forum Publishing,Kindle Edition,280,2020,2020,2022/03/26,2022/03/26,,,read,good if it was written in 2018 ,,,1,0
1999475,A Million Miles in a Thousand Years: What I Learned While Editing My Life,Donald Miller,"Miller, Donald",,"=""0785213066""","=""9780785213062""",0,Thomas Nelson,Hardcover,255,2009,2009,,2022/03/24,to-read,to-read (#72),to-read,,,,0,0
39859664,The 100-Day Goal Journal: Accomplish What Matters to You,John Lee Dumas,"Dumas, John Lee",,"=""1454930748""","=""9781454930747""",5,Union Square Gift,Hardcover,256,2018,,,2022/03/24,,,read,,,,1,0
48762564,The Matrix Comics,Spencer Lamm,"Lamm, Spencer","Lana Wachowski, Lilly Wachowski, Geof Darrow, Neil Gaiman, Bill Sienkiewicz, Ted McKeever, Tim Sale, Greg Ruth, Dave Gibbons","=""1932700579""","=""9781932700572""",5,Burlyman Entertainment,Hardcover,400,2019,2019,,2022/03/24,,,read,,,,1,0
34873380,"Red Rising (Red Rising Saga, #1)",Pierce Brown,"Brown, Pierce",,"=""""","=""""",4, Random House LLC,Kindle Edition,401,2014,2014,2022/03/24,2021/12/31,,,read,,,,1,0
18899394,Models: Attract Women Through Honesty,Mark Manson,"Manson, Mark",,"=""""","=""""",5,,Kindle Edition,262,2011,2011,2022/03/24,2022/02/27,,,read,,,,1,0
50714359,The Unfair Advantage: How You Already Have What It Takes to Succeed,Ash Ali,"Ali, Ash",Hasan Kubba,"=""1788163311""","=""9781788163316""",0,Profile Books,Hardcover,256,2020,,,2022/02/10,to-read,to-read (#71),to-read,,,,0,0
34203481,don Miguel Ruiz's Little Book of Wisdom: The Essential Teachings (Toltec Wisdom Series),Miguel Ruiz Jr.,"Jr., Miguel Ruiz",,"=""""","=""""",4,Hierophant Publishing,Kindle Edition,241,2017,,2022/01/10,2021/12/24,,,read,,,,1,0
29557134,Dream Yoga: Illuminating Your Life Through Lucid Dreaming and the Tibetan Yogas of Sleep,Andrew Holecek,"Holecek, Andrew",Stephen LaBerge,"=""1622035518""","=""9781622035519""",0,St. Martin's Essentials,Kindle Edition,330,2016,2013,,2021/12/25,currently-reading,currently-reading (#4),currently-reading,,,,1,0
6584842,Vagabonding: An Uncommon Guide to the Art of Long-Term World Travel,Rolf Potts,"Potts, Rolf",Timothy Ferriss,"=""0679647422""","=""9780679647423""",4,Ballantine Books,Kindle Edition,224,2002,2002,2021/12/24,2021/12/07,,,read,,,,1,0
40947505,"Direct Truth: Uncompromising, non-prescriptive Truths to the enduring questions of life",Kapil Gupta,"Gupta, Kapil",,"=""""","=""""",3,,Kindle Edition,154,2018,,2020/07/06,2020/06/28,,,read,,,,1,0
6512869,The Power of Now: A Guide to Spiritual Enlightenment,Eckhart Tolle,"Tolle, Eckhart",,"=""""","=""""",4,New World Library,Kindle Edition,258,2010,1997,2021/12/07,2020/09/18,,,read,,,,1,0
52036,Siddhartha,Hermann Hesse,"Hesse, Hermann",Hilda Rosner,"=""""","=""""",3,Bantam Books,Mass Market Paperback,152,1981,1922,,2020/09/18,,,read,,,,1,0
18883763,The Yoga of Breath: A Step-by-Step Guide to Pranayama,Richard Rosen,"Rosen, Richard",Rodney Yee,"=""0834825783""","=""""",0,Shambhala,Kindle Edition,322,2002,2002,,2021/10/03,currently-reading,currently-reading (#3),currently-reading,,,,1,0
38605125,Mastering the Core Teachings of the Buddha: An Unusually Hardcore Dharma Book,Daniel M. Ingram,"Ingram, Daniel M.",,"=""1911597183""","=""9781911597186""",0,Aeon Books,Kindle Edition,622,2018,2007,,2021/09/28,currently-reading,currently-reading (#2),currently-reading,,,,1,0
54294623,"ALWAYS BE QUALIFYING: MEDDIC, MEDDPICC",Darius Lahoutifard,"Lahoutifard, Darius",,"=""""","=""""",3,01consulting,Kindle Edition,146,2020,,2021/09/20,2021/09/13,,,read,,,,1,0
35356383,"To Shake the Sleeping Self: A Journey from Oregon to Patagonia, and a Quest for a Life with No Regret",Jedidiah Jenkins,"Jenkins, Jedidiah",,"=""1524761389""","=""9781524761387""",0,Convergent Books,Hardcover,336,2018,2018,,2021/07/02,to-read,to-read (#70),to-read,,,,0,0
50250976,The Sovereign Individual: Mastering the Transition to the Information Age,James Dale Davidson,"Davidson, James Dale",William Rees-Mogg,"=""""","=""""",3,Touchstone,Kindle Edition,444,2020,1997,2021/06/20,2020/09/18,,,read,,,,1,0
40017519,The Rational Optimist (P.S.),Matt Ridley,"Ridley, Matt",,"=""""","=""""",4,HarperCollins,Kindle Edition,483,2010,2010,2021/06/20,2020/09/18,,,read,,,,1,0
38390751,The Infinite Game,Simon Sinek,"Sinek, Simon",,"=""073521350X""","=""9780735213500""",3,Portfolio,Hardcover,251,2019,2017,2021/06/20,2020/02/22,,,read,,,,1,0
22736001,"Superintelligence: Paths, Dangers, Strategies",Nick Bostrom,"Bostrom, Nick",,"=""""","=""""",4,OUP Oxford,Kindle Edition,431,2014,2014,2021/06/20,2020/05/29,,,read,,,,1,0
21463939,What If? 10th Anniversary Edition: Serious Scientific Answers to Absurd Hypothetical Questions,Randall Munroe,"Munroe, Randall",,"=""""","=""""",4,Dey Street Books,Kindle Edition,320,2024,2014,2021/06/20,2020/06/20,,,read,,,,1,0
53407224,The Richest Man in Babylon,George S. Clason,"Clason, George S.",,"=""9895620616""","=""9789895620616""",3,KCP ,Kindle Edition,72,2020,1926,2021/06/20,2020/06/28,,,read,,,,1,0
21901765,The Art of Thinking Clearly,Rolf Dobelli,"Dobelli, Rolf",,"=""0062359800""","=""9780062359803""",4,Harper Paperbacks,Kindle Edition,389,2014,2011,2021/06/20,2020/08/16,,,read,,,,1,0
55382926,Fasting: Fast Track to Fat Loss,Josh Bryant,"Bryant, Josh",Adam benShea,"=""""","=""""",3,,Kindle Edition,62,2020,,2021/06/20,2020/12/19,,,read,,,,1,0
54906250,Project Hail Mary,Andy Weir,"Weir, Andy",,"=""""","=""""",5,Ballantine Books,ebook,549,2021,2021,2021/06/04,2021/06/04,,,read,,,,1,0
8176563,The Bhagavad Gita,Krishna-Dwaipayana Vyasa,"Vyasa, Krishna-Dwaipayana",,"=""""","=""""",3,,Kindle Edition,185,,-400,2021/05/09,2021/05/09,,,read,,,,1,0
9068044,Social Engineering,Christopher Hadnagy,"Hadnagy, Christopher",,"=""0470639539""","=""9780470639535""",5,John Wiley & Sons,Paperback,410,2010,2010,,2013/10/16,,,read,,,,1,0
40940205,Tribe: On Homecoming and Belonging,Sebastian Junger,"Junger, Sebastian",,"=""""","=""""",4,Twelve,Kindle Edition,182,2016,2016,,2021/04/18,,,read,,,,1,0
18050143,"Zero to One: Notes on Startups, or How to Build the Future",Peter Thiel,"Thiel, Peter",Blake  Masters,"=""0804139296""","=""9780804139298""",5,Crown Currency,Hardcover,195,2014,2014,2017/06/28,2021/02/18,,,read,,,,1,0
25076674,The Alchemist,Paulo Coelho,"Coelho, Paulo",Alan R. Clarke,"=""""","=""""",5,HarperOne,Kindle Edition,84,2021,1988,2021/02/18,2020/12/27,,,read,,,,1,0
94318,Awareness: The Perils and Opportunities of Reality,Anthony de Mello,"Mello, Anthony de",J. Francis Stroud,"=""0385249373""","=""9780385249379""",5,Image,Paperback,184,1992,1990,2020/08/05,2020/12/02,,,read,,,,1,0
23571774,Just F*ing Demo!: Tactics for Leading Kickass Product Demos,Rob Falcone,"Falcone, Rob",Leo Strupczewski,"=""""","=""""",4,,Kindle Edition,41,2014,2014,2020/11/18,2020/11/05,,,read,,,,1,0
34328871,"Trigger Point Therapy: Stop Muscle & Joint Pain Naturally with Easy to Use Trigger Point Therapy(Myofascial Massage, Deep Tissue Massage, Foam Rolling, Tennis Ball Massage)",Dermot Farrell,"Farrell, Dermot",,"=""""","=""""",4,,Kindle Edition,54,2017,,2020/10/27,2020/10/26,,,read,,,,1,0
26222798,Striking Thoughts: Bruce Lee's Wisdom for Daily Living (Bruce Lee Library),Bruce Lee,"Lee, Bruce",John  Little,"=""1462917925""","=""9781462917921""",4,Tuttle Publishing,Kindle Edition,258,2015,2000,2020/10/17,2020/09/18,,,read,,,,1,0
36277162,"Skin in the Game: Hidden Asymmetries in Daily Life (Incerto, #5)",Nassim Nicholas Taleb,"Taleb, Nassim Nicholas",,"=""0425284638""","=""9780425284636""",4,Random House,Kindle Edition,254,2018,2018,2020/08/16,2020/08/02,,,read,,,,1,0
45551053,"Buddhism for Beginners: Plain and Simple Guide to Buddhist Philosophy Including Zen Teachings, Tibetan Buddhism, and Mindfulness Meditation",Judith Yandell,"Yandell, Judith",,"=""""","=""""",4,,Kindle Edition,122,2019,,2020/10/12,2020/09/15,,,read,,,,1,0
55148500,The Almanack of Naval Ravikant: A Guide to Wealth and Happiness,Eric Jorgenson,"Jorgenson, Eric","Tim Ferriss, Jack Butcher","=""1544514204""","=""""",5,Magrathea Publishing,Kindle Edition,242,2020,2020,2020/10/01,2020/09/25,,,read,,,,1,0
359,The Salmon of Doubt: Hitchhiking the Galaxy One Last Time,Douglas Adams,"Adams, Douglas",,"=""0345455290""","=""9780345455291""",0,Del Rey,Mass Market Paperback,298,2005,2002,,2020/09/18,to-read,to-read (#69),to-read,,,,0,0
596466,"Stick to Drawing Comics, Monkey Brain!",Scott Adams,"Adams, Scott",,"=""1591841852""","=""9781591841852""",0,Penguin Portfolio,Hardcover,356,2007,2007,,2020/09/18,to-read,to-read (#68),to-read,,,,0,0
64582,Chaos: Making a New Science,James Gleick,"Gleick, James",,"=""0140092501""","=""9780140092509""",0,Penguin Group,Paperback,352,1988,1987,,2020/09/18,to-read,to-read (#67),to-read,,,,0,0
8837,"Wind, Sand and Stars",Antoine de Saint-Exupéry,"Saint-Exupéry, Antoine de",Lewis Galantière,"=""0156027496""","=""9780156027496""",0,Mariner Books Classics,Paperback,229,2002,1939,,2020/09/18,to-read,to-read (#66),to-read,,,,0,0
277950,Hagakure: The Book of the Samurai,Yamamoto Tsunetomo,"Tsunetomo, Yamamoto",William Scott Wilson,"=""4770029160""","=""9784770029164""",0,Kodansha USA,Hardcover,192,2002,1716,,2020/09/18,to-read,to-read (#65),to-read,,,,0,0
5805,V for Vendetta,Alan             Moore,"Moore, Alan","David   Lloyd, Steve Whitaker, Siobhan Dodds","=""1401207928""","=""9781401207922""",0,Vertigo,Hardcover,296,2005,1990,,2020/09/18,to-read,to-read (#64),to-read,,,,0,0
79424,"The Way of the Superior Man: A Spiritual Guide to Mastering the Challenges of Women, Work, and Sexual Desire",David Deida,"Deida, David",,"=""1591792576""","=""9781591792574""",0,Sounds True,Paperback,202,2004,1997,,2020/09/18,to-read,to-read (#63),to-read,,,,0,0
426504,Ficciones,Jorge Luis Borges,"Borges, Jorge Luis","Anthony Kerrigan, Anthony Bonner","=""0802130305""","=""9780802130303""",0,Grove Press,Paperback,174,1994,1944,,2020/09/18,to-read,to-read (#62),to-read,,,,0,0
5544,"Surely You're Joking, Mr. Feynman!: Adventures of a Curious Character",Richard P. Feynman,"Feynman, Richard P.","Albert R. Hibbs, Ralph Leighton, Edward Hutchings","=""0393316041""","=""9780393316049""",0,W. W. Norton & Company,Paperback,397,1997,1985,,2020/09/18,to-read,to-read (#61),to-read,,,,0,0
38315,Fooled by Randomness: The Hidden Role of Chance in Life and in the Markets (Incerto),Nassim Nicholas Taleb,"Taleb, Nassim Nicholas",,"=""0812975219""","=""9780812975215""",0,Random House Trade Paperbacks,Paperback,368,2005,2001,,2020/09/18,to-read,to-read (#60),to-read,,,,0,0
8527130,Getting to Yes: Negotiating Agreement Without Giving In,Roger Fisher,"Fisher, Roger","William L. Ury, Bruce Patton","=""0143118757""","=""9780143118756""",3,Penguin Books,Paperback,204,2011,1981,,2020/04/29,,,read,,,,1,0
22596931,"WODs: WODZILLA: The Ultimate WOD Compilation 700+ Cross Training Workouts (Cross Training WOD, Cross Training Bible, Wods, Build Muscle, Fat Loss, Kettlebell ... Home Workout, Bodyweight Training)",Ben Morgan,"Morgan, Ben",,"=""""","=""""",2,,Kindle Edition,168,2014,2014,2020/08/06,2020/06/25,,,read,,,,1,0
20882738,Cross Training WOD Bible: 555 Workouts from Beginner to Ballistic,P. Selter,"Selter, P.",,"=""""","=""""",4,,Kindle Edition,159,2014,2014,2020/08/06,2020/06/19,,,read,,,,1,0
25329850,Thing Explainer: Complicated Stuff in Simple Words,Randall Munroe,"Munroe, Randall",,"=""0544668251""","=""9780544668256""",4,Dey Street Books,Hardcover,64,2015,2015,2020/08/06,2020/06/11,,,read,,,,1,0
45701625,The Power of Positive Thinking,Norman Vincent Peale,"Peale, Norman Vincent",,"=""9388760913""","=""9789388760911""",2,DIGITAL FIRE,Kindle Edition,316,2019,1952,2020/08/06,2020/07/17,,,read,,,,1,0
43228387,The Simple Six: The Easy Way to Get in Shape and Stay in Shape for the Rest of your Life,Clinton Dobbins,"Dobbins, Clinton",,"=""""","=""""",3,,Kindle Edition,66,2018,2018,2020/08/06,2020/06/12,,,read,,,,1,0
53518978,Time Under Tension: Tactical Training,Josh Bryant,"Bryant, Josh",Adam benShea,"=""""","=""""",4,Back Arms Publications,Kindle Edition,46,2020,,2020/08/06,2020/06/12,,,read,,,,1,0
32919192,Why Buddhism is True: The Science and Philosophy of Meditation and Enlightenment,Robert Wright,"Wright, Robert",,"=""1439195455""","=""9781439195451""",4,Simon & Schuster,Hardcover,336,2017,2017,2020/08/06,2020/06/11,,,read,,,,1,0
22030323,"Bodyweight Training: Bodyweight Cross Training WOD Bible: 220 Travel Friendly Home Workouts (Bodyweight Training, Bodyweight Exercises, Strength Training, ... Bodybuilding, Home Workout, Gymnastics)",P. Selter,"Selter, P.",,"=""""","=""""",4,,Kindle Edition,119,2014,2014,2020/08/06,2020/06/12,,,read,,,,1,0
368593,The 4-Hour Workweek,Timothy Ferriss,"Ferriss, Timothy",,"=""0307353133""","=""9780307353139""",3,Harmony,ebook,308,2007,2007,2020/08/06,2020/03/15,,,read,,,,1,0
11944042,Chanakya Neeti,Ashwini Parashar,"Parashar, Ashwini",,"=""8128400487""","=""9788128400483""",2,Diamond Book,Paperback,200,2011,2009,2020/08/06,2020/02/19,,,read,,,,1,0
234225,Dune (Dune #1),Frank Patrick Herbert,"Herbert, Frank Patrick",,"=""0340839937""","=""9780340839935""",3,Hodder,Paperback,604,2006,1965,,2013/08/23,,,read,,,,1,0
17204679,Man's Search for Meaning,Viktor E. Frankl,"Frankl, Viktor E.",Ilse Lasch,"=""""","=""""",5,Beacon Press,Kindle Edition,188,2006,1946,2020/07/30,2020/06/28,,,read,,,,1,0
20360559,The Religion War,Scott Adams,"Adams, Scott",,"=""1449459919""","=""9781449459918""",5,Andrews McMeel Publishing,Kindle Edition,179,2013,2004,2020/07/23,2020/07/06,,,read,,,,1,0
19824756,Open Source Intelligence Techniques: Resources for Searching and Analyzing Online Information,Michael Bazzell,"Bazzell, Michael",,"=""1481282204""","=""9781481282208""",5,CreateSpace Independent Publishing Platform,Paperback,328,2013,2012,,2020/01/07,,,read,,,,1,0
26844576,Seven Brief Lessons on Physics,Carlo Rovelli,"Rovelli, Carlo",,"=""0399184430""","=""9780399184437""",3,Riverhead Books,Kindle Edition,92,2016,2014,2020/06/13,2020/06/11,,,read,,,,1,0
53251427,The Code. The Evaluation. The Protocols: Striving to Become an Eminently Qualified Human,Jocko Willink,"Willink, Jocko","Dave Berke, Sarah Armstrong","=""0981618839""","=""9780981618838""",5,Jocko Publishing,Kindle Edition,56,2020,2020,2020/06/14,2020/06/14,,,read,,,,1,0
18848582,The Creature from Jekyll Island: A Second Look at the Federal Reserve,G. Edward Griffin,"Griffin, G. Edward","Peter  Klimon, Carleen Taylor","=""""","=""""",0,"American Media, Inc.",Kindle Edition,808,1994,1994,,2020/06/14,currently-reading,currently-reading (#1),currently-reading,,,,1,0
35691718,Kettlebell Workout: 50 exercises and training plans to sculpt your body,Paul Wolf,"Wolf, Paul",,"=""""","=""""",3,,Kindle Edition,68,2017,,2020/06/12,2020/06/12,,,read,,,,1,0
39103336,21 Lessons for the 21st Century,Yuval Noah Harari,"Harari, Yuval Noah",,"=""0525512187""","=""9780525512189""",5,Random House,Kindle Edition,413,2018,2018,2020/06/09,2020/02/17,,,read,,,,1,0
321306,The Macintosh Way,Guy Kawasaki,"Kawasaki, Guy",,"=""0060973382""","=""9780060973384""",4,HarperCollins,Paperback,224,1990,1989,,2020/06/07,,,read,,,,1,0
11732660,Hacking: The Art of Exploitation,Jon Erickson,"Erickson, Jon",,"=""159327338X""","=""9781593273385""",2,"No Starch Press, Inc.",Kindle Edition,815,2010,2003,2020/06/07,2020/06/05,,,read,,,,1,0
32200035,Arrival,Ted Chiang,"Chiang, Ted",,"=""0525433686""","=""9780525433682""",3,Vintage,Kindle Edition,279,2016,2002,2020/06/07,2020/05/19,,,read,,,,1,0
7234685,Understand,Ted Chiang,"Chiang, Ted",,"=""""","=""""",5,BBC Radio 7,Audiobook,46,2006,,,2020/06/07,,,read,,,,1,0
29864598,Tower of Babylon,Ted Chiang,"Chiang, Ted",,"=""1101974427""","=""9781101974421""",5,Vintage,Kindle Edition,39,2016,1990,,2020/06/07,,,read,,,,1,0
34943643,"Agency (Jackpot, #2)",William Gibson,"Gibson, William",,"=""1101986956""","=""9781101986950""",3,Berkley Books,Kindle Edition,413,2020,2020,2020/06/07,2020/05/20,,,read,,,,1,0
48637798,Kettlebell Simple & Sinister,Pavel Tsatsouline,"Tsatsouline, Pavel",,"=""""","=""""",2,"StrongFirst, Inc.",Kindle Edition,248,2019,2013,2020/06/07,2020/06/02,,,read,,,,1,0
20371395,God's Debris: A Thought Experiement,Scott Adams,"Adams, Scott",,"=""1449459927""","=""9781449459925""",5,Andrews McMeel Publishing,Kindle Edition,132,2013,2001,2020/05/27,2020/05/27,,,read,,,,1,0
44767458,"Dune (Dune, #1)",Frank Patrick Herbert,"Herbert, Frank Patrick",,"=""059309932X""","=""9780593099322""",4,Ace,Hardcover,658,2019,1965,2020/05/14,2020/04/29,,,read,,,,1,0
39704901,Homo Deus: A Brief History of Tomorrow,Yuval Noah Harari,"Harari, Yuval Noah",,"=""""","=""""",5,Harper,Kindle Edition,455,2017,2015,2020/05/14,2020/02/17,,,read,,,,1,0
944073,"The Blade Itself (The First Law, #1)",Joe Abercrombie,"Abercrombie, Joe",,"=""0575079797""","=""9780575079793""",0,Gollancz,Paperback,515,2007,2006,,2020/04/29,to-read,to-read (#59),to-read,,,,0,0
21839527,"Paleo Shopping List: What you need to buy to stay lean, strong, and energetic! (Paleo Recipes Book 1)",Francesca Bianchi,"Bianchi, Francesca",,"=""""","=""""",3,White Owl Publishing,Kindle Edition,30,2014,2014,,2020/04/29,,,read,,,,1,0
228331,Getting Past No: Negotiating in Difficult Situations,William Ury,"Ury, William",,"=""0553371312""","=""9780553371314""",5,Bantam,Paperback,208,1993,1991,,2020/04/29,,,read,,,,1,0
22859583,The Art of War Visualized: The Sun Tzu Classic in Charts and Graphs,Jessica Hagy,"Hagy, Jessica",Sun Tzu,"=""0761182381""","=""9780761182382""",4,Workman Publishing Company,Paperback,256,2015,2015,,2020/04/29,,,read,,,,1,0
32980826,"The Science of Selling: Proven Strategies to Make Your Pitch, Influence Decisions, and Close the Deal",David Hoffeld,"Hoffeld, David",,"=""1101993189""","=""9781101993187""",2,Tarcher,Kindle Edition,287,2016,,,2020/04/29,,,read,,,,1,0
30259511,Technology-as-a-Service Playbook: How to Grow a Profitable Subscription Business,Thomas Lah,"Lah, Thomas",J.B. Wood,"=""098604623X""","=""9780986046230""",3,Point B Inc,Hardcover,349,2016,,,2020/04/29,,,read,,,,1,0
83354,PHILOSOPHERS EXPLORE THE MATRIX,Grau,"Grau, Grau",,"=""0195181077""","=""9780195181074""",4,Oxford University Press,Paperback,351,2005,2005,,2020/04/29,,,read,,,,1,0
38633526,"Vita Nostra (Vita Nostra, #1)",Marina Dyachenko,"Dyachenko, Marina","Sergey Dyachenko, Julia Meitov Hersey","=""0062694596""","=""9780062694591""",0,Harper Voyager,Hardcover,408,2018,2007,,2020/04/29,to-read,to-read (#58),to-read,,,,0,0
13594266,"Becoming a Supple Leopard, 1st Edition: The Ultimate Guide To Resolving Pain Preventing Injury And Opti",Kelly Starrett,"Starrett, Kelly",Glen Cordoza,"=""1936608588""","=""9781936608584""",5,Victory Belt Publishing,Hardcover,400,2013,2013,2013/07/04,2020/04/29,,,read,,,,1,0
36204293,The War on Normal People: The Truth About America's Disappearing Jobs and Why Universal Basic Income Is Our Future,Andrew   Yang,"Yang, Andrew",,"=""0316414247""","=""9780316414241""",4,Grand Central Publishing,Hardcover,304,2018,2018,,2020/04/24,,,read,,,,1,0
105992,Helter Skelter: The True Story of the Manson Murders,Vincent Bugliosi,"Bugliosi, Vincent",Curt Gentry,"=""0393322238""","=""9780393322231""",0,W. W. Norton  Company,Paperback,687,2001,1974,,2020/04/11,to-read,to-read (#57),to-read,,,,0,0
43387496,Fortitude: American Resilience in the Era of Outrage,Dan Crenshaw,"Crenshaw, Dan",,"=""1538733307""","=""9781538733301""",5,Twelve,Hardcover,256,2020,2020,,2020/04/10,,,read,,,,1,0
23692271,Sapiens: A Brief History of Humankind,Yuval Noah Harari,"Harari, Yuval Noah",,"=""""","=""""",5,Vintage,Paperback,512,2015,2011,2020/03/13,2020/02/17,,,read,,,,1,0
40946143,What Doesn't Kill Us,Scott Carney,"Carney, Scott",,"=""1911617540""","=""9781911617549""",4,Scribe Publications,Paperback,272,2019,2017,,2020/03/13,,,read,,,,1,0
42050447,"Best Self: Be You, Only Better",Mike Bayer,"Bayer, Mike",,"=""1982584653""","=""9781982584658""",3,HarperCollins,Audio CD,1,2019,,,2020/02/26,,,read,,,,1,0
41081321,Zen: The Art of Simple Living,Shunmyō Masuno,"Masuno, Shunmyō",,"=""024137183X""","=""9780241371831""",4,Michael Joseph,Hardcover,224,2019,2009,,2020/02/26,,,read,,,,1,0
13259270,Free Will,Sam Harris,"Harris, Sam",,"=""1451683405""","=""9781451683400""",0,Free Press,Paperback,96,2012,2012,,2020/02/22,to-read,to-read (#56),to-read,,,,0,0
22318398,Future Crimes,Marc Goodman,"Goodman, Marc",,"=""0385539002""","=""9780385539005""",0,Doubleday,Hardcover,393,2015,2015,,2020/02/17,to-read,to-read (#55),to-read,,,,0,0
13629,The Mythical Man-Month: Essays on Software Engineering,Frederick P. Brooks Jr.,"Jr., Frederick P. Brooks",,"=""0201835959""","=""9780201835953""",0,Addison-Wesley Professional,Paperback,322,1995,1975,,2020/02/17,to-read,to-read (#54),to-read,,,,0,0
10596103,The Filter Bubble: What the Internet is Hiding From You,Eli Pariser,"Pariser, Eli",,"=""1594203008""","=""9781594203008""",0,Penguin Press,Hardcover,294,2011,2011,,2020/02/17,to-read,to-read (#53),to-read,,,,0,0
27209431,The Inevitable: Understanding the 12 Technological Forces That Will Shape Our Future,Kevin Kelly,"Kelly, Kevin",,"=""""","=""""",0,Viking,Hardcover,336,2016,2016,,2020/02/17,to-read,to-read (#52),to-read,,,,0,0
28862,The Prince,Niccolò Machiavelli,"Machiavelli, Niccolò","Rufus Goodwin, Benjamin Martinez, W.K. Marriott, Denis Daly, Μαρία Κασωτάκη","=""0937832383""","=""9780937832387""",0,Dante University Press,Paperback,144,2014,1532,,2020/02/17,to-read,to-read (#51),to-read,,,,0,0
179504,The ABC of Relativity,Bertrand Russell,"Russell, Bertrand",Peter Clark,"=""0415154294""","=""9780415154291""",0,Routledge,Paperback,176,2001,1925,,2020/02/17,to-read,to-read (#50),to-read,,,,0,0
22354256,The Browser Hacker's Handbook,Wade Alcorn,"Alcorn, Wade","Christian Frichot, Michele Orru","=""""","=""""",0,Wiley,Kindle Edition,650,2014,2014,,2020/02/17,to-read,to-read (#49),to-read,,,,0,0
23995360,Superforecasting: The Art and Science of Prediction,Philip E. Tetlock,"Tetlock, Philip E.",Dan Gardner,"=""0804136696""","=""9780804136693""",0,Crown,Hardcover,352,2015,2015,,2020/02/17,to-read,to-read (#48),to-read,,,,0,0
26195941,The Age of Surveillance Capitalism: The Fight for a Human Future at the New Frontier of Power,Shoshana Zuboff,"Zuboff, Shoshana",,"=""1610395697""","=""9781610395694""",0,PublicAffairs,Hardcover,691,2019,2018,,2020/02/17,to-read,to-read (#47),to-read,,,,0,0
67354,What I Believe,Bertrand Russell,"Russell, Bertrand",,"=""0415325099""","=""9780415325097""",0,Routledge Classics,Paperback,48,2004,1925,,2020/02/17,to-read,to-read (#46),to-read,,,,0,0
11886303,The Elements of Style,William Strunk Jr.,"Jr., William Strunk",Chris Hong,"=""""","=""""",0,The Elements of Style Press,Kindle Edition,58,2011,1918,,2020/02/17,to-read,to-read (#45),to-read,,,,0,0
18668059,The Obstacle Is the Way: The Timeless Art of Turning Trials into Triumph,Ryan Holiday,"Holiday, Ryan",,"=""1591846358""","=""9781591846352""",3,Portfolio,Hardcover,201,2014,2014,,2020/02/17,,,read,,,,1,0
96884,The Happiness Hypothesis: Finding Modern Truth in Ancient Wisdom,Jonathan Haidt,"Haidt, Jonathan",,"=""0465028020""","=""9780465028023""",5,Basic Books,Paperback,297,2006,2006,,2020/02/12,,,read,,,,1,0
6289283,"Born to Run: A Hidden Tribe, Superathletes, and the Greatest Race the World Has Never Seen",Christopher McDougall,"McDougall, Christopher",,"=""""","=""""",4,Knopf,Hardcover,287,2009,2009,,2020/02/12,,,read,,,,1,0
27036528,Ego Is the Enemy,Ryan Holiday,"Holiday, Ryan",,"=""1591847818""","=""9781591847816""",3,Portfolio,Hardcover,226,2016,2016,2020/02/12,2019/12/12,,,read,,,,1,0
11263022,The Web Application Hacker's Handbook: Finding and Exploiting Security Flaws,Dafydd Stuttard,"Stuttard, Dafydd",Marcus Pinto,"=""1118026470""","=""9781118026472""",0,Wiley,Paperback,912,2011,2007,,2020/01/12,to-read,to-read (#44),to-read,,,,0,0
40535991,Stop Doing That Sh*t: End Self-Sabotage and Demand Your Life Back,Gary John Bishop,"Bishop, Gary John",,"=""0062872389""","=""9780062872388""",3,HarperOne,Audible Audio,,2019,2019,,2019/12/17,,,read,,,,1,0
36613747,How to Change Your Mind: The New Science of Psychedelics,Michael Pollan,"Pollan, Michael",,"=""0241294223""","=""9780241294222""",3,ALLEN LANE,Hardcover,480,2018,2018,,2019/12/12,,,read,,,,1,0
40121378,Atomic Habits: An Easy & Proven Way to Build Good Habits & Break Bad Ones,James Clear,"Clear, James",,"=""""","=""""",4,Avery,Kindle Edition,319,2018,2018,2019/09/05,2019/07/08,,,read,,,,1,0
18630,"The Player of Games (Culture, #2)",Iain M. Banks,"Banks, Iain M.",,"=""0061053562""","=""9780061053566""",4,HarperCollins,Paperback,293,1997,1988,2019/11/05,2019/10/04,,,read,,,,1,0
44770129,Ultralearning: The Essential Guide To Mastering Hard Skills And Future-Proofing Your Career,Scott H. Young,"Young, Scott H.",James Clear,"=""""","=""""",0,Harper Business,Kindle Edition,305,2019,2019,,2019/12/12,to-read,to-read (#43),to-read,,,,0,0
40672036,Digital Minimalism: Choosing a Focused Life in a Noisy World,Cal Newport,"Newport, Cal",,"=""052553654X""","=""""",3,Portfolio,Kindle Edition,302,2019,2019,,2019/12/12,,,read,,,,1,0
32738672,Unfu*k Yourself: Get Out of Your Head and Into Your Life,Gary John Bishop,"Bishop, Gary John",,"=""""","=""""",5,,Kindle Edition,221,2016,2016,,2019/12/12,,,read,,,,1,0
44442023,Shut Up and Listen!: Hard Business Truths that Will Help You Succeed,Tilman Fertitta,"Fertitta, Tilman",Jim Gray,"=""1400213738""","=""9781400213733""",2,HarperCollins Leadership,Hardcover,192,2019,,,2019/12/12,,,read,,,,1,0
18160,The Art of Deception: Controlling the Human Element of Security,Kevin D. Mitnick,"Mitnick, Kevin D.","William   L.    Simon, Steve Wozniak","=""076454280X""","=""9780764542800""",3,Wiley,Paperback,352,2003,2001,2019/12/12,2019/10/25,,,read,,,,1,0
36520721,The Gaslight Effect: How to Spot and Survive the Hidden Manipulation Others Use to Control Your Life,Robin Stern,"Stern, Robin",,"=""0767924460""","=""9780767924467""",3,Harmony,Paperback,304,2018,2007,,2019/12/05,,,read,,,,1,0
17859574,How to Fail at Almost Everything and Still Win Big: Kind of the Story of My Life,Scott Adams,"Adams, Scott",,"=""1591846919""","=""9781591846918""",5,Penguin Portfolio,Hardcover,248,2013,2013,,2019/12/05,,,read,,,,1,0
18774981,Waking Up: A Guide to Spirituality Without Religion,Sam Harris,"Harris, Sam",,"=""1451636016""","=""9781451636017""",4,Simon & Schuster,Hardcover,256,2014,2014,,2019/11/19,,,read,,,,1,0
44525766,Loserthink: How Untrained Brains Are Ruining America,Scott Adams,"Adams, Scott",,"=""0593083520""","=""9780593083529""",5,Portfolio,Hardcover,256,2019,2019,2019/11/18,2019/11/05,,,read,,,,1,0
36286246,The Art of Metal Gear Solid I-IV,Konami,"Konami, Konami",,"=""1506705812""","=""9781506705811""",5,Dark Horse Books,Hardcover,800,2018,2018,2019/07/05,2019/11/05,,,read,,,,1,0
6238080,Wolverine: Old Man Logan,Mark Millar,"Millar, Mark",Steve McNiven,"=""0785131590""","=""9780785131595""",4,Marvel Enterprises,Hardcover,208,2009,2008,2019/11/05,2019/11/05,,,read,,,,1,0
30363785,The Art of Invisibility: The World's Most Famous Hacker Teaches You How to Be Safe in the Age of Big Brother and Big Data,Kevin D. Mitnick,"Mitnick, Kevin D.",Robert Vamosi,"=""0316380504""","=""9780316380508""",5,"Little, Brown and Company",Hardcover,320,2017,2017,2019/11/05,2019/10/25,,,read,,,,1,0
43582733,Stillness Is the Key,Ryan Holiday,"Holiday, Ryan",,"=""0525538585""","=""9780525538585""",5,Portfolio,Hardcover,288,2019,2019,,2019/10/25,,,read,,,,1,0
132532,13 Fatal Errors Managers Make and How You Can Avoid Them,W. Steven Brown,"Brown, W. Steven",,"=""0425096440""","=""9780425096444""",3,Berkley,Mass Market Paperback,200,1987,1985,2013/09/27,2014/02/22,,,read,,,,1,0
12609433,The Power of Habit: Why We Do What We Do in Life and Business,Charles Duhigg,"Duhigg, Charles",,"=""1400069289""","=""9781400069286""",4,Random House,Hardcover,375,2012,2012,,2019/07/17,,,read,,,,1,0
31882,The Matrix and Philosophy: Welcome to the Desert of the Real,William Irwin,"Irwin, William",,"=""081269502X""","=""9780812695021""",4,Open Court,Paperback,280,2002,2002,,2019/10/04,,,read,,,,1,0
774088,Difficult Conversations: How to Discuss What Matters Most,Douglas Stone,"Stone, Douglas","Bruce Patton, Sheila Heen, Roger Fisher","=""014028852X""","=""9780140288520""",3,Penguin Books,Paperback,250,2000,1999,,2019/10/04,,,read,,,,1,0
46223297,Permanent Record,Edward Snowden,"Snowden, Edward",,"=""1250237238""","=""9781250237231""",5,Metropolitan Books,Hardcover,339,2019,2019,,2019/10/02,,,read,,,,1,0
356896,The Greatest Salesman in the World,Og Mandino,"Mandino, Og",,"=""055327757X""","=""9780553277579""",4,Bantam,Mass Market Paperback,118,1983,1968,2019/09/07,2019/09/07,,,read,,,,1,0
39688385,No-Nonsense Buddhism for Beginners: Clear Answers to Burning Questions about Core Buddhist Teachings,Noah Rasheta,"Rasheta, Noah",,"=""1641520477""","=""9781641520478""",5,Callisto,Paperback,152,2018,2018,,2019/07/23,,,read,,,,1,0
914211,Influencer: The Power to Change Anything,Kerry Patterson,"Patterson, Kerry","Joseph Grenny, David Maxfield, Ron McMillan, Al Switzler","=""007148499X""","=""9780071484992""",3,McGraw-Hill,Hardcover,288,2007,2007,,2019/07/17,,,read,,,,1,0
26156469,Never Split the Difference: Negotiating As If Your Life Depended On It,Chris Voss,"Voss, Chris",Tahl Raz,"=""0062407805""","=""9780062407801""",5,Harper Business,Hardcover,274,2016,2016,2019/07/08,2019/07/08,,,read,,,,1,0
28815,Influence: The Psychology of Persuasion,Robert B. Cialdini,"Cialdini, Robert B.",,"=""006124189X""","=""9780061241895""",4,Harper Business,Paperback,320,2006,1984,2019/07/08,2013/10/16,,,read,,,,1,0
4865,How to Win Friends & Influence People,Dale Carnegie,"Carnegie, Dale",,"=""""","=""""",3,Gallery Books,Paperback,288,1998,1936,,2019/07/08,,,read,,,,1,0
29093292,"The Daily Stoic: 366 Meditations on Wisdom, Perseverance, and the Art of Living",Ryan Holiday,"Holiday, Ryan",Stephen Hanselman,"=""""","=""""",4,Portfolio,Hardcover,416,2016,2016,2019/07/08,2019/06/01,,,read,,,,1,0
40651883,Snow Crash,Neal Stephenson,"Stephenson, Neal",,"=""""","=""""",3,Spectra,Kindle Edition,559,2018,1992,2019/07/01,2019/06/01,,,read,,,,1,0
763362,The One Minute Manager,Kenneth H. Blanchard,"Blanchard, Kenneth H.",Spencer Johnson,"=""0688014291""","=""9780688014292""",4,William Morrow,Hardcover,111,2003,1981,2019/07/08,2019/07/08,,,read,,,,1,0
29947651,"Endurance: A Year in Space, A Lifetime of Discovery",Scott    Kelly,"Kelly, Scott",Margaret Lazarus Dean,"=""1524731595""","=""9781524731595""",5,Alfred A. Knopf,Hardcover,400,2017,2017,2019/07/08,2019/07/08,,,read,,,,1,0
9512985,The Personal MBA: Master the Art of Business,Josh Kaufman,"Kaufman, Josh",,"=""1591843529""","=""9781591843528""",4,Portfolio,Hardcover,416,2010,2010,,2018/11/10,,,read,,,,1,0
12799077,The Information Diet: A Case for Conscious Consumption,Clay A. Johnson,"Johnson, Clay A.",,"=""1449304680""","=""9781449304683""",4,O'Reilly,Hardcover,150,2012,2011,,2017/09/21,,,read,,,,1,0
4894,Who Moved My Cheese?,Spencer Johnson,"Johnson, Spencer",Kenneth H. Blanchard,"=""0091883768""","=""9780091883768""",5,Vermilion,Hardcover,98,2002,1998,,2019/06/26,,,read,,,,1,0
95884,"Words That Work: It's Not What You Say, It's What People Hear",Frank Luntz,"Luntz, Frank",,"=""1401302599""","=""9781401302597""",3,Grand Central Publishing,Hardcover,350,2007,2006,,2017/05/25,,,read,,,,1,0
31450959,"Peak Performance: Elevate Your Game, Avoid Burnout, and Thrive with the New Science of Success",Brad Stulberg,"Stulberg, Brad",Steve Magness,"=""162336793X""","=""9781623367930""",4,Rodale Books,Hardcover,240,2017,2017,,2019/06/01,,,read,,,,1,0
1009638,Dale Carnegie's Lifetime Plan for Success: How to Win Friends and Influence People & How to Stop Worrying and Start Living,Dale Carnegie,"Carnegie, Dale",,"=""1851525769""","=""9781851525768""",3,Galahad,Hardcover,438,1998,2010,,2012/04/22,,,read,,,,1,0
11468377,"Thinking, Fast and Slow",Daniel Kahneman,"Kahneman, Daniel",,"=""0374275637""","=""9780374275631""",2,"Farrar, Straus and Giroux",Hardcover,499,2011,2011,2019/04/16,2019/01/12,,,read,,,,1,0
7668,Rising Sun,Michael Crichton,"Crichton, Michael",,"=""0606298231""","=""9780606298230""",4,Demco Media,Mass Market Paperback,399,2004,1992,2019/04/16,2019/03/01,,,read,,,,1,0
23848190,Extreme Ownership: How U.S. Navy SEALs Lead and Win,Jocko Willink,"Willink, Jocko",Leif Babin,"=""1250067057""","=""9781250067050""",1,St. Martin's Press,Hardcover,320,2015,2015,,2019/03/13,,,read,,,,1,0
25499718,"Children of Time (Children of Time, #1)",Adrian Tchaikovsky,"Tchaikovsky, Adrian",,"=""1447273281""","=""9781447273288""",0,PanMacmillan,Hardcover,600,2015,2015,,2019/03/13,to-read,to-read (#42),to-read,,,,0,0
35269854,The Singularity Trap,Dennis E. Taylor,"Taylor, Dennis E.",Ray Porter,"=""""","=""""",0,Audible Studios,Audible Audio,12,2018,2018,,2019/03/13,to-read,to-read (#41),to-read,,,,0,0
18302455,"The Circle (The Circle, #1)",Dave Eggers,"Eggers, Dave",,"=""""","=""""",4,Knopf,Hardcover,493,2013,2013,2013/10/30,2013/10/09,,,read,,,,1,0
11977494,The Miracle of Self-Discipline,Brian Tracy,"Tracy, Brian",محمد اسکندری,"=""1908364041""","=""9781908364043""",3,Nightingale Conant,Audio CD,36,2010,2010,2012/12/08,2012/12/07,,,read,,,,1,0
34928122,Artemis,Andy Weir,"Weir, Andy",,"=""0553448129""","=""9780553448122""",2,Crown,Hardcover,305,2017,2017,,2019/02/13,,,read,,,,1,0
40604658,"Jurassic Park (Jurassic Park, #1)",Michael Crichton,"Crichton, Michael",,"=""0307763056""","=""9780307763051""",5,Ballantine Books,Kindle Edition,466,2012,1990,2019/02/13,2019/01/27,,,read,,,,1,0
25066990,Living with a SEAL: 31 Days Training with the Toughest Man on the Planet,Jesse Itzler,"Itzler, Jesse",,"=""1455534676""","=""9781455534678""",5,Center Street,Hardcover,272,2015,2015,2019/01/31,2019/01/28,,,read,,,,1,0
35068432,I'll Be Gone in the Dark: One Woman's Obsessive Search for the Golden State Killer,Michelle McNamara,"McNamara, Michelle","Gillian Flynn, Patton Oswalt","=""0062319809""","=""9780062319807""",3,Harper,ebook,352,2018,2018,,2019/01/27,,,read,,,,1,0
41721428,Can't Hurt Me: Master Your Mind and Defy the Odds,David Goggins,"Goggins, David",,"=""1544512260""","=""""",5,Lioncrest Publishing,Kindle Edition,366,2018,2018,2019/01/14,2019/01/12,,,read,,,,1,0
20518872,"The Three-Body Problem (Remembrance of Earth’s Past, #1)",Liu Cixin,"Cixin, Liu",Ken Liu,"=""""","=""""",2,Tor Books,Hardcover,472,2014,2006,2019/01/14,2018/02/26,,,read,,,,1,0
40230101,The Mamba Mentality: How I Play,Kobe Bryant,"Bryant, Kobe","Pau Gasol, Phil Jackson, Andrew D. Bernstein","=""0374201234""","=""9780374201234""",5,MCD,Hardcover,208,2018,,,2019/01/12,,,read,,,,1,0
7108725,Start with Why: How Great Leaders Inspire Everyone to Take Action,Simon Sinek,"Sinek, Simon",,"=""1591842808""","=""9781591842804""",3,Portfolio,Hardcover,256,2009,2009,,2018/12/27,,,read,,,,1,0
547094,I Am Legend and Other Stories,Richard Matheson,"Matheson, Richard",,"=""031286504X""","=""9780312865047""",4,Orb Books,Paperback,317,1997,1954,,2013/09/07,,,read,,,,1,0
13383957,Insanely Simple: The Obsession That Drives Apple's Success,Ken Segall,"Segall, Ken",,"=""1591844835""","=""9781591844839""",5,Portfolio Penguin,Hardcover,240,2012,2012,,2017/05/25,,,read,,,,1,0
30257963,12 Rules for Life: An Antidote to Chaos,Jordan B. Peterson,"Peterson, Jordan B.",,"=""0345816021""","=""9780345816023""",4,Random House Canada,Hardcover,409,2018,2018,2018/11/10,2018/07/16,,,read,,,,1,0
26270465,"Fanatical Prospecting: The Ultimate Guide to Opening Sales Conversations and Filling the Pipeline by Leveraging Social Selling, Telephone, Email, Text, and Cold Calling (Jeb Blount)",Jeb Blount,"Blount, Jeb",Mike Weinberg,"=""1119144752""","=""9781119144755""",4,Wiley,Hardcover,304,2015,2015,,2018/11/10,,,read,,,,1,0
41441670,"Dril Official ""Mr. Ten Years"" Anniversary Collection",Dril,"Dril, Dril",,"=""""","=""""",5,,Kindle Edition,420,2018,2018,,2018/11/10,,,read,,,,1,0
34427205,Win Bigly: Persuasion in a World Where Facts Don't Matter,Scott Adams,"Adams, Scott",,"=""0735219710""","=""9780735219717""",4,Portfolio,Hardcover,304,2017,2017,,2018/07/16,,,read,,,,1,0
23153154,"Memory Man (Amos Decker, #1)",David Baldacci,"Baldacci, David",,"=""1455559822""","=""9781455559824""",4,Grand Central Publishing,Hardcover,416,2015,2015,,2018/07/16,,,read,,,,1,0
6596,The Four Agreements: A Practical Guide to Personal Freedom,Miguel Ruiz,"Ruiz, Miguel",Janet Mills,"=""1878424505""","=""9781878424501""",5,Amber-Allen Publishing,Hardcover,152,2001,1997,,2018/07/16,,,read,,,,1,0
40445,"Altered Carbon (Takeshi Kovacs, #1)",Richard K. Morgan,"Morgan, Richard K.",,"=""0345457692""","=""9780345457691""",4,Del Rey / Ballantine Books,Mass Market Paperback,526,2006,2002,,2018/01/05,,,read,,,,1,0
26165341,Yoga for Beginners,Cory Martin,"Martin, Cory",,"=""1623156467""","=""9781623156466""",3,Althea Press,Paperback,220,2015,2015,,2017/09/21,,,read,,,,1,0
25541028,"Elon Musk: Tesla, SpaceX, and the Quest for a Fantastic Future",Ashlee Vance,"Vance, Ashlee",,"=""0062301233""","=""9780062301239""",4,Ecco,Hardcover,392,2015,2015,,2017/09/21,,,read,,,,1,0
32599492,"The Girl Who Takes an Eye for an Eye (Millennium, #5)",David Lagercrantz,"Lagercrantz, David",George Goulding,"=""""","=""""",2,MacLehose Press,ebook,347,2017,2017,,2018/01/02,,,read,,,,1,0
11910902,The Challenger Sale: Taking Control of the Customer Conversation,Matthew Dixon,"Dixon, Matthew",Brent  Adamson,"=""1591844355""","=""9781591844358""",3,Portfolio,Hardcover,221,2011,2011,2018/01/02,2017/09/21,,,read,,,,1,0
16158522,Eleven Rings: The Soul of Success,Phil Jackson,"Jackson, Phil","Hugh Delehanty, Margarita Cavándoli","=""1611761670""","=""9781611761672""",2,Penguin Audio,Audio CD,,2013,2013,2017/09/21,2017/01/21,,,read,,,,1,0
17255186,"The Phoenix Project: A Novel About IT, DevOps, and Helping Your Business Win",Gene Kim,"Kim, Gene","Kevin Behr, George Spafford","=""0988262592""","=""9780988262591""",4,IT Revolution Press,Hardcover,345,2013,2013,,2017/09/21,,,read,,,,1,0
23014732,"Writing Well for Business Success: A Complete Guide to Style, Grammar, and Usage at Work",Sandra   Lamb,"Lamb, Sandra",,"=""1250064511""","=""9781250064516""",4,St. Martin's Griffin,Paperback,272,2015,2015,,2017/05/25,,,read,,,,1,0
31823677,"Tools of Titans: The Tactics, Routines, and Habits of Billionaires, Icons, and World-Class Performers",Timothy Ferriss,"Ferriss, Timothy",Arnold Schwarzenegger,"=""""","=""""",4,Houghton Mifflin Harcourt,Kindle Edition,827,2016,2016,,2017/05/25,,,read,,,,1,0
30212641,"Ask More: The Power of Questions to Open Doors, Uncover Solutions, and Spark Change",Frank Sesno,"Sesno, Frank",,"=""0814436714""","=""9780814436714""",4,AMACOM,Hardcover,272,2017,2017,,2017/05/25,,,read,,,,1,0
865508,Verbal Judo: The Gentle Art of Persuasion,George J. Thompson,"Thompson, George J.",Jerry B. Jenkins,"=""0060577657""","=""9780060577650""",2,Harper,Paperback,222,2004,1993,,2017/01/21,,,read,,,,1,0
318525,Red Storm Rising,Tom Clancy,"Clancy, Tom",,"=""0394298667""","=""9780394298665""",2,Random House Audio,Audio Cassette,,1988,1986,,2017/01/21,,,read,,,,1,0
6480781,Open,Andre Agassi,"Agassi, Andre",J.R. Moehringer,"=""0307268195""","=""9780307268198""",5,Knopf,Hardcover,388,2009,2009,,2017/01/21,,,read,,,,1,0
12349148,The Closer's Survival Guide,Grant Cardone,"Cardone, Grant",,"=""1607431092""","=""9781607431091""",3,Card1 Publications,Paperback,0,2009,2009,,2017/01/21,,,read,,,,1,0
10339170,The 10X Rule: The Only Difference Between Success and Failure,Grant Cardone,"Cardone, Grant",,"=""0470627603""","=""9780470627600""",4,Wiley,Hardcover,256,2011,2011,,2017/01/21,,,read,,,,1,0
13356717,Sell or Be Sold: How to Get Your Way in Business and in Life,Grant Cardone,"Cardone, Grant",,"=""1608322564""","=""9781608322565""",3,Greenleaf Book Group Press,Hardcover,256,2012,1998,,2017/01/21,,,read,,,,1,0
2,"Harry Potter and the Order of the Phoenix (Harry Potter, #5)",J.K. Rowling,"Rowling, J.K.",Mary GrandPré,"=""0439686520""","=""9780439686525""",4,Scholastic Inc.,Paperback,870,2004,2003,2017/01/21,2016/06/01,,,read,,,,1,0
14891980,The 5 Elements of Effective Thinking,Edward B. Burger,"Burger, Edward B.",Michael Starbird,"=""0691156662""","=""9780691156668""",3,Princeton University Press,Hardcover,168,2012,2012,2016/04/17,2016/06/01,,,read,,,,1,0
25066556,Presence: Bringing Your Boldest Self to Your Biggest Challenges,Amy Cuddy,"Cuddy, Amy",,"=""0316256579""","=""9780316256575""",3,"Little, Brown Spark",Hardcover,352,2015,2015,2016/05/12,2016/06/01,,,read,,,,1,0
21412226,"The Like Switch: An Ex-FBI Agent's Guide to Influencing, Attracting, and Winning People Over (The Like Switch Series)",Jack Schafer,"Schafer, Jack",Marvin Karlins,"=""1476754489""","=""9781476754482""",4,Atria Books,Paperback,288,2015,2015,2016/05/01,2016/06/01,,,read,,,,1,0
5,"Harry Potter and the Prisoner of Azkaban (Harry Potter, #3)",J.K. Rowling,"Rowling, J.K.",Mary GrandPré,"=""043965548X""","=""9780439655484""",5,Scholastic Inc.,Mass Market Paperback,547,2004,1999,2016/06/01,2016/02/26,,,read,,,,1,0
6,"Harry Potter and the Goblet of Fire (Harry Potter, #4)",J.K. Rowling,"Rowling, J.K.",Mary GrandPré,"=""0439139597""","=""9780439139595""",3,Scholastic,Paperback,734,2002,2000,2016/03/05,2016/06/01,,,read,,,,1,0
15881,"Harry Potter and the Chamber of Secrets (Harry Potter, #2)",J.K. Rowling,"Rowling, J.K.",Mary GrandPré,"=""""","=""""",3,Arthur A. Levine Books,Hardcover,352,1999,1998,2016/02/20,2016/02/26,,,read,,,,1,0
3,"Harry Potter and the Sorcerer's Stone (Harry Potter, #1)",J.K. Rowling,"Rowling, J.K.",,"=""0439554934""","=""9780439554930""",5,Scholastic Inc,Hardcover,309,2003,1997,2016/02/26,2016/02/26,,,read,,,,1,0
20893503,"Magic Words: The Science and Secrets Behind Seven Words That Motivate, Engage, and Influence",Tim David,"David, Tim",,"=""0735205396""","=""9780735205390""",0,Prentice Hall Press,Hardcover,160,2014,2014,,2016/02/26,to-read,to-read (#40),to-read,,,,0,0
6597651,The Windup Girl,Paolo Bacigalupi,"Bacigalupi, Paolo",,"=""1597801577""","=""9781597801577""",2,Night Shade Books,Hardcover,359,2009,2009,2016/02/26,2016/02/01,,,read,,,,1,0
16278318,Armada,Ernest Cline,"Cline, Ernest",,"=""0804137250""","=""9780804137256""",0,Crown Publishing ,Hardcover,355,2015,2015,,2016/02/01,to-read,to-read (#39),to-read,,,,0,0
135479,Cat’s Cradle,Kurt Vonnegut Jr.,"Jr., Kurt Vonnegut",,"=""""","=""""",0,Penguin,Paperback,306,1999,1963,2013/09/27,2013/09/21,want-to-read,want-to-read (#1),read,,,,1,0
22557272,The Girl on the Train,Paula Hawkins,"Hawkins, Paula",,"=""1594633665""","=""9781594633669""",4,Riverhead Books,Hardcover,336,2015,2015,2016/01/31,2015/08/14,,,read,,,,1,0
7896527,"Throne of Glass (Throne of Glass, #1)",Sarah J. Maas,"Maas, Sarah J.",,"=""""","=""""",3,Bloomsbury USA Children's,Hardcover,406,2012,2012,2015/12/01,2015/11/18,,,read,,,,1,0
16158559,Undisputed Truth,Mike Tyson,"Tyson, Mike",Larry Sloman,"=""0399161287""","=""9780399161285""",5,Blue Rider Press,Hardcover,592,2013,2013,2016/01/17,2016/02/01,,,read,,,,1,0
18693910,Barbarian Days: A Surfing Life,William Finnegan,"Finnegan, William",,"=""1594203474""","=""9781594203473""",4,Penguin Press,Hardcover,447,2015,2015,2015/12/28,2016/02/01,,,read,,,,1,0
25074850,"The Girl in the Spider's Web (Millennium, #4)",David Lagercrantz,"Lagercrantz, David",,"=""0385354282""","=""9780385354288""",4,Knopf,Hardcover,400,2015,2015,2015/11/17,2015/07/28,,,read,,,,1,0
7116709,"The Left Hand of God (The Left Hand of God, #1)",Paul  Hoffman,"Hoffman, Paul",,"=""0718155181""","=""9780718155186""",2,Michael Joseph,Hardcover,436,2010,2010,2015/09/29,2015/08/28,,,read,,,,1,0
21535271,"The Slow Regard of Silent Things (The Kingkiller Chronicle, #2.5)",Patrick Rothfuss,"Rothfuss, Patrick",Nate Taylor,"=""0756410436""","=""9780756410438""",0,DAW Books,Hardcover,159,2014,2014,,2015/09/16,to-read,to-read (#38),to-read,,,,0,0
13202200,"Casting Off (Wool, #3)",Hugh Howey,"Howey, Hugh",,"=""""","=""""",4,Broad Reach Publishing,Kindle Edition,122,2011,2011,2015/08/24,2015/08/29,,,read,,,,1,0
13425846,"The Stranded (Wool, #5)",Hugh Howey,"Howey, Hugh",,"=""""","=""""",1,Broad Reach Publishing ,Kindle Edition,254,2012,2012,,2015/08/29,,,read,,,,1,0
13314945,"The Unraveling (Wool, #4)",Hugh Howey,"Howey, Hugh",,"=""""","=""""",2,Broad Reach Publishing,Kindle Edition,166,2011,2011,,2015/08/29,,,read,,,,1,0
13178410,"Proper Gauge (Wool, #2)",Hugh Howey,"Howey, Hugh",,"=""""","=""""",4,Broad Reach Publishing,Kindle Edition,106,2011,2011,2015/08/23,2015/08/29,,,read,,,,1,0
13453029,"Wool Omnibus (Silo, #1)",Hugh Howey,"Howey, Hugh",,"=""""","=""""",4,Broad Reach Publishing,Paperback,509,2012,2012,2015/08/28,2015/08/14,,,read,,,,1,0
66693,"The Crystal Shard (Forgotten Realms: The Icewind Dale, #1; Legend of Drizzt, #4)",R.A. Salvatore,"Salvatore, R.A.",,"=""0786942460""","=""9780786942466""",2,Wizards of the Coast,Mass Market Paperback,344,2024,1988,2015/08/10,2015/08/14,,,read,,,,1,0
8752885,"The Dragon's Path (The Dagger and the Coin, #1)",Daniel Abraham,"Abraham, Daniel",,"=""1841498874""","=""9781841498874""",0,Orbit,Paperback,555,2011,2011,,2015/07/28,to-read,to-read (#37),to-read,,,,0,0
14064,I Am Legend,Richard Matheson,"Matheson, Richard",,"=""1857988094""","=""9781857988093""",4,Millennium,Paperback,160,1999,1954,2015/06/17,2012/10/28,,,read,,,,1,0
2845024,Anathem,Neal Stephenson,"Stephenson, Neal",,"=""0061474096""","=""9780061474095""",0,William Morrow,Hardcover,937,2008,2008,,2015/07/22,to-read,to-read (#36),to-read,,,,0,0
51964,"Old Man's War (Old Man's War, #1)",John Scalzi,"Scalzi, John",,"=""0765348276""","=""9780765348272""",0,Tor Books,Mass Market Paperback,355,2007,2005,,2015/07/22,to-read,to-read (#35),to-read,,,,0,0
66695,"Sojourn (Forgotten Realms: The Dark Elf Trilogy, #3; Legend of Drizzt, #3)",R.A. Salvatore,"Salvatore, R.A.",,"=""1560760478""","=""9781560760474""",4,Wizards of the Coast,Mass Market Paperback,320,1991,1991,2015/07/22,2015/07/22,,,read,,,,1,0
66678,"Exile (Forgotten Realms: The Dark Elf Trilogy, #2; Legend of Drizzt, #2)",R.A. Salvatore,"Salvatore, R.A.",,"=""0786939834""","=""9780786939831""",5,Wizards of the Coast,Mass Market Paperback,343,2025,1990,2015/07/19,2015/07/22,,,read,,,,1,0
49176,Games People Play,Eric Berne,"Berne, Eric",,"=""0345032799""","=""9780345032799""",3,Penguin,Mass Market Paperback,192,1964,1964,2015/07/14,2013/12/31,,,read,,,,1,0
216363,The Man in the High Castle,Philip K. Dick,"Dick, Philip K.",,"=""0679740678""","=""9780679740674""",2,Vintage,Paperback,259,1992,1962,2015/07/07,2015/07/22,,,read,,,,1,0
18007564,The Martian,Andy Weir,"Weir, Andy",,"=""0804139024""","=""9780804139021""",4,Crown Publishers,Hardcover,369,2014,2011,2015/07/01,2015/07/22,,,read,,,,1,0
11870085,The Fault in Our Stars,John Green,"Green, John",,"=""""","=""""",3,Dutton Books,Hardcover,313,2012,2012,2014/07/19,2014/07/16,,,read,,,,1,0
415,Gravity’s Rainbow,Thomas Pynchon,"Pynchon, Thomas",,"=""0143039946""","=""9780143039945""",0,Penguin Books,Paperback,776,2006,1973,,2014/11/22,to-read,to-read (#34),to-read,,,,0,0
4306458,"On Scandal: Moral Disturbances in Society, Politics and Art (Structural Analysis in the Social Sciences, No. 31)",Ari Adut,"Adut, Ari",,"=""0521895898""","=""9780521895897""",0,Cambridge University Press,Hardcover,374,2008,2008,,2014/11/22,to-read,to-read (#33),to-read,,,,0,0
21032488,"The Doors of Stone (The Kingkiller Chronicle, #3)",Patrick Rothfuss,"Rothfuss, Patrick",,"=""0575081449""","=""9780575081444""",0,Gollancz,Hardcover,896,,,,2013/12/06,to-read,to-read (#12),to-read,,,,0,0
500743,"The Wizard Heir (The Heir Chronicles, #2)",Cinda Williams Chima,"Chima, Cinda Williams",,"=""1423104870""","=""9781423104872""",0,"Little, Brown Books for Young Readers",Hardcover,458,2008,2007,,2014/07/17,to-read,to-read (#32),to-read,,,,0,0
113436,Eragon (The Inheritance Cycle #1),Christopher Paolini,"Paolini, Christopher",,"=""0375826696""","=""9780375826696""",0,Alfred A. Knopf,Paperback,503,2005,2002,,2014/07/17,to-read,to-read (#31),to-read,,,,0,0
13326831,"The Testing (The Testing, #1)",Joelle Charbonneau,"Charbonneau, Joelle","Amélie Sarn, Amélie Hesnard","=""0547959109""","=""9780547959108""",0,Houghton Mifflin,Hardcover,325,2013,2013,,2014/07/17,to-read,to-read (#30),to-read,,,,0,0
34,"The Fellowship of the Ring (The Lord of the Rings, #1)",J.R.R. Tolkien,"Tolkien, J.R.R.","Francis Ledoux, Maria Skibniewska","=""0618346252""","=""9780618346257""",4,Houghton Mifflin Harcourt,Paperback,398,2003,1954,2014/07/16,2014/05/24,,,read,,,,1,0
3467088,The Power Of Less: The Fine Art of Limiting Yourself to the Essential,Leo Babauta,"Babauta, Leo",,"=""1401309704""","=""9781401309701""",0,Balance,Hardcover,170,2009,2008,,2014/07/16,to-read,to-read (#29),to-read,,,,0,0
2222653,"Cry, Freedom: A Story of Friendship",John Briley,"Briley, John",,"=""0140108912""","=""9780140108910""",0,Penguin Books Ltd,Hardcover,272,1987,1987,,2014/06/23,to-read,to-read (#28),to-read,,,,0,0
52522,Rock This!,Chris Rock,"Rock, Chris",,"=""0786885602""","=""9780786885602""",0,Grand Central Publishing,Paperback,256,2000,1997,,2014/06/18,to-read,to-read (#27),to-read,,,,0,0
13058637,Subliminal: How Your Unconscious Mind Rules Your Behavior,Leonard Mlodinow,"Mlodinow, Leonard",,"=""0307378217""","=""9780307378217""",3,Pantheon,Hardcover,260,2012,2012,2014/04/24,2014/02/22,,,read,,,,1,0
12262741,Wild: From Lost to Found on the Pacific Crest Trail,Cheryl Strayed,"Strayed, Cheryl",,"=""0307592731""","=""9780307592736""",4,Knopf,Hardcover,336,2012,2012,2014/03/25,2014/02/22,,,read,,,,1,0
1303,The 48 Laws of Power,Robert Greene,"Greene, Robert",,"=""0140280197""","=""9780140280197""",3,Penguin Books,Paperback,452,2000,1999,2014/04/02,2014/03/06,,,read,,,,1,0
1768603,The White Tiger,Aravind Adiga,"Adiga, Aravind",,"=""1416562591""","=""9781416562597""",2,Free Press,Hardcover,288,2008,2008,2014/03/23,2014/03/10,,,read,,,,1,0
77203,The Kite Runner,Khaled Hosseini,"Hosseini, Khaled",,"=""159463193X""","=""9781594631931""",5,Riverhead Books,Paperback,371,2004,2003,2014/03/13,2013/10/04,,,read,,,,1,0
16142151,"The Companions (The Sundering, #1; Legend of Drizzt, #24)",R.A. Salvatore,"Salvatore, R.A.",,"=""0786963719""","=""9780786963713""",0,Wizards of the Coast,Hardcover,384,2013,2013,,2014/02/22,to-read,to-read (#26),to-read,,,,0,0
18007558,"The Reaver (The Sundering, #4)",Richard Lee Byers,"Byers, Richard Lee",,"=""0786964588""","=""9780786964581""",0,Wizards of the Coast,Hardcover,352,2014,2014,,2014/02/22,to-read,to-read (#25),to-read,,,,0,0
18079689,Social Physics: How Good Ideas Spread— The Lessons from a New Science,Alex Pentland,"Pentland, Alex",,"=""1594205655""","=""9781594205651""",0,Penguin Press,Hardcover,320,2014,2014,,2014/02/22,to-read,to-read (#24),to-read,,,,0,0
151751,"Thank You for Arguing: What Aristotle, Lincoln, and Homer Simpson Can Teach Us About the Art of Persuasion",Jay Heinrichs,"Heinrichs, Jay",,"=""0307341445""","=""9780307341440""",0,Three Rivers Press,Paperback,336,2007,2007,,2014/02/22,to-read,to-read (#23),to-read,,,,0,0
4407,"American Gods (American Gods, #1)",Neil Gaiman,"Gaiman, Neil",,"=""""","=""""",4,Headline Review,Paperback,635,2005,2001,2014/02/22,2013/08/23,,,read,,,,1,0
36072,The 7 Habits of Highly Effective People: Powerful Lessons in Personal Change,Stephen R. Covey,"Covey, Stephen R.",Jim Collins,"=""0743269519""","=""9780743269513""",3,Free Press,Paperback,372,2004,1989,2012/03/04,2014/02/22,,,read,,,,1,0
7118873,"Personality, Character, and Intelligence: Part Three from What the Dog Saw",Malcolm Gladwell,"Gladwell, Malcolm",,"=""0316086185""","=""9780316086189""",2,"Little, Brown and Company",Kindle Edition,100,2009,2009,2013/08/10,2012/12/07,,,read,,,,1,0
590652,The Slight Edge,Jeff Olson,"Olson, Jeff",,"=""0967285550""","=""9780967285559""",0,Momentum Media,Paperback,168,2005,2005,,2014/01/26,to-read,to-read (#22),to-read,,,,0,0
4224060,The Element: How Finding Your Passion Changes Everything,Ken Robinson,"Robinson, Ken",Lou Aronica,"=""0670020478""","=""9780670020478""",3,Viking Books,Hardcover,288,2009,2009,2014/01/24,2014/01/19,,,read,,,,1,0
21996,The Devil in the White City,Erik Larson,"Larson, Erik",Tony Goldwyn,"=""0739303406""","=""9780739303405""",2,Random House Audio Publishing Group,Paperback,496,2003,2003,2014/01/19,2013/12/15,,,read,0/10 Burnham<br/>6/10 Holmes story arc,,,1,0
100021,What Does It All Mean? A Very Short Introduction to Philosophy,Thomas Nagel,"Nagel, Thomas",,"=""0195052161""","=""9780195052169""",3,Oxford University Press,Paperback,112,1987,1987,2014/01/16,2013/09/07,,,read,,,,1,0
24800,House of Leaves,Mark Z. Danielewski,"Danielewski, Mark Z.",,"=""""","=""""",0,Random House,Paperback,709,2000,2000,,2014/01/16,to-read,to-read (#21),to-read,,,,0,0
16718,"Gun, With Occasional Music",Jonathan Lethem,"Lethem, Jonathan",,"=""0156028972""","=""9780156028974""",0,Ecco,Paperback,271,2003,1994,,2014/01/16,to-read,to-read (#20),to-read,,,,0,0
11709037,You Are Not So Smart,David McRaney,"McRaney, David",,"=""1592406599""","=""9781592406593""",5,Gotham,Hardcover,302,2011,2011,2013/12/31,2013/10/16,,,read,,,,1,0
7783191,The Invisible Gorilla: And Other Ways Our Intuitions Deceive Us,Christopher Chabris,"Chabris, Christopher",Daniel Simons,"=""0307459659""","=""9780307459657""",0,Harmony,Hardcover,320,2010,2010,,2013/12/31,to-read,to-read (#19),to-read,,,,0,0
6678064,The Elements: A Visual Exploration of Every Known Atom in the Universe,Theodore Gray,"Gray, Theodore",,"=""1579128149""","=""9781579128142""",3,Black Dog & Leventhal,Hardcover,240,2009,2009,2013/12/31,2013/12/31,,,read,,,,1,0
83350,"Taking the Red Pill: Science, Philosophy and Religion in The Matrix",Glenn Yeffeth,"Yeffeth, Glenn",David Gerrold,"=""1932100024""","=""9781932100020""",0,Benbella Books,Paperback,298,2003,2003,,2013/12/12,to-read,to-read (#18),to-read,,,,0,0
17856436,"Belligerent (Vicara, #1)",B.N. Mauldin,"Mauldin, B.N.",,"=""1939897009""","=""9781939897008""",0,Fable Press,Paperback,226,2013,2013,,2013/12/06,to-read,to-read (#17),to-read,,,,0,0
35870,"Ghost in the Shell (Ghost in the Shell, #1)",Masamune Shirow,"Shirow, Masamune",,"=""1593072287""","=""9781593072285""",0,Dark Horse,Paperback,368,2004,1989,,2013/12/06,to-read,to-read (#16),to-read,,,,0,0
19691,"The Hunt for Red October (Jack Ryan, #3)",Tom Clancy,"Clancy, Tom",,"=""0425172902""","=""9780425172902""",0,Berkley Trade,Mass Market Paperback,432,1999,1984,,2013/12/06,to-read,to-read (#15),to-read,,,,0,0
455373,Sphere,Michael Crichton,"Crichton, Michael",,"=""""","=""""",0,Ballantine Books,Paperback,371,1997,1987,,2013/12/06,to-read,to-read (#14),to-read,,,,0,0
30659,Meditations,Marcus Aurelius,"Aurelius, Marcus",Martin Hammond,"=""0140449337""","=""9780140449334""",0,Penguin Books,Paperback,254,2006,180,,2013/12/06,to-read,to-read (#13),to-read,,,,0,0
9969571,"Ready Player One (Ready Player One, #1)",Ernest Cline,"Cline, Ernest",,"=""030788743X""","=""9780307887436""",5,Crown Publishers,Hardcover,480,2011,2011,2013/12/06,2013/10/26,,,read,,,,1,0
114737,"It's Not How Good You Are, It's How Good You Want To Be",Paul Arden,"Arden, Paul",,"=""0714843377""","=""9780714843377""",0,Phaidon Press,Paperback,128,2007,2003,,2013/10/16,to-read,to-read (#11),to-read,,,,0,0
35289,The 33 Strategies of War,Robert Greene,"Greene, Robert",,"=""0670034576""","=""9780670034574""",0,Viking,Hardcover,496,2025,2001,,2013/10/16,to-read,to-read (#10),to-read,,,,0,0
6288,The Road,Cormac McCarthy,"McCarthy, Cormac",,"=""0307265439""","=""9780307265432""",4,Alfred A. Knopf,Hardcover,241,2006,2006,2013/10/10,2013/09/07,,,read,,,,1,0
44882,Code: The Hidden Language of Computer Hardware and Software,Charles Petzold,"Petzold, Charles",,"=""0735611319""","=""9780735611313""",0,Microsoft Press,Paperback,396,2000,1999,,2013/09/19,to-read,to-read (#9),to-read,,,,0,0
341735,Replay,Ken Grimwood,"Grimwood, Ken",,"=""068816112X""","=""9780688161125""",5,William Morrow Paperbacks,Paperback,311,1998,1987,2012/05/02,2012/04/19,,,read,,,,1,0
16299,And Then There Were None,Agatha Christie,"Christie, Agatha",,"=""0312330871""","=""9780312330873""",5,St. Martin's Griffin,Paperback,264,2004,1939,2012/07/01,2012/06/18,,,read,,,,1,0
43889,"Wizard's First Rule (Sword of Truth, #1)",Terry Goodkind,"Goodkind, Terry",,"=""0765346524""","=""9780765346520""",5,Tor Books,Mass Market Paperback,836,2003,1994,2013/09/17,2013/08/10,,,read,,,,1,0
11758566,Persuasion,Jane Austen,"Austen, Jane","Gillian Beer, Claire Lamont, Coralie Bickford-Smith","=""0141197692""","=""9780141197692""",0,Penguin Classics,Hardcover,250,2012,1817,,2013/09/07,to-read,to-read (#8),to-read,,,,0,0
49552,The Stranger,Albert Camus,"Camus, Albert",Matthew  Ward,"=""""","=""""",0,Vintage International,Paperback,123,1989,1942,,2013/09/03,to-read,to-read (#7),to-read,,,,0,0
8163148,How Pleasure Works: The New Science of Why We Like What We Like,Paul Bloom,"Bloom, Paul",,"=""0393066320""","=""9780393066326""",4,W. W. Norton & Company,Hardcover,304,2010,2010,2013/08/12,2013/08/15,,,read,,,,1,0
9666444,Mind Performance Hacks: Tips & Tools for Overclocking Your Brain,Ron Hale-Evans,"Hale-Evans, Ron",,"=""0596553986""","=""9780596553982""",2,O'Reilly Media,ebook,332,2006,2006,2013/08/12,2012/05/27,excerpts,excerpts (#1),read,,,,1,0
11786911,Are You Smart Enough to Work at Google?,William Poundstone,"Poundstone, William",,"=""031609997X""","=""9780316099974""",3,"Little, Brown and Company",Hardcover,290,2012,2012,2013/08/12,2013/07/30,,,read,,,,1,0
6516450,What the Dog Saw and Other Adventures,Malcolm Gladwell,"Gladwell, Malcolm",,"=""0316078573""","=""9780316078573""",2,"Little, Brown and Company",Hardcover,444,2009,2009,2013/08/11,2013/08/12,,,read,,,,1,0
14817,A Scanner Darkly,Philip K. Dick,"Dick, Philip K.",,"=""057507681X""","=""9780575076815""",2,Gollancz,Paperback,217,2006,1977,2013/08/13,2013/08/12,,,read,,,,1,0
13496,"A Game of Thrones (A Song of Ice and Fire, #1)",George R.R. Martin,"Martin, George R.R.",,"=""0553588486""","=""9780553588484""",0,Bantam,Mass Market Paperback,835,2005,1996,,2013/08/10,to-read,to-read (#6),to-read,,,,0,0
49628,Cloud Atlas,David  Mitchell,"Mitchell, David",,"=""0375507256""","=""9780375507250""",0,Random House,Paperback,509,2004,2004,,2013/08/10,to-read,to-read (#5),to-read,,,,0,0
43763,"Interview with the Vampire (The Vampire Chronicles, #1)",Anne Rice,"Rice, Anne",,"=""0345476875""","=""9780345476876""",0,Ballantine Books,Paperback,346,2004,1976,,2013/08/10,to-read,to-read (#4),to-read,,,,0,0
9206187,Everything is Obvious: Once You Know the Answer,Duncan J. Watts,"Watts, Duncan J.",,"=""0385531680""","=""9780385531689""",0,Crown Business,Hardcover,352,2011,2011,,2013/08/08,to-read,to-read (#3),to-read,,,,0,0
1215032,"The Wise Man's Fear (The Kingkiller Chronicle, #2)",Patrick Rothfuss,"Rothfuss, Patrick",,"=""0756404738""","=""9780756404734""",4,DAW Books,Hardcover,994,2011,2011,2013/07/30,2013/06/01,,,read,,,,1,0
8092015,The Science Of Self-Confidence,Brian Tracy,"Tracy, Brian",,"=""""","=""""",2,,Audiobook,,1998,1991,2013/05/14,2013/05/14,,,read,,,,1,0
7260188,"Mockingjay (The Hunger Games, #3)",Suzanne Collins,"Collins, Suzanne",,"=""0439023513""","=""9780439023511""",4,Scholastic Press,Hardcover,390,2010,2010,2013/05/01,2013/05/08,,,read,,,,1,0
6148028,"Catching Fire (The Hunger Games, #2)",Suzanne Collins,"Collins, Suzanne",,"=""0439023491""","=""9780439023498""",2,Scholastic Press,Hardcover,391,2009,2009,2013/04/08,2013/04/02,,,read,,,,1,0
2767052,"The Hunger Games (The Hunger Games, #1)",Suzanne Collins,"Collins, Suzanne",,"=""0439023483""","=""9780439023481""",3,Scholastic Press,Hardcover,374,2008,2008,2013/04/01,2013/04/02,,,read,,,,1,0
16304,"Murder on the Orient Express (Hercule Poirot, #10)",Agatha Christie,"Christie, Agatha",,"=""0425200450""","=""9780425200452""",3,Berkley,Paperback,322,2004,1934,2012/12/30,2012/12/21,,,read,,,,1,0
17841,Foucault’s Pendulum,Umberto Eco,"Eco, Umberto",William Weaver,"=""015603297X""","=""9780156032971""",1,Mariner Books,Paperback,623,2007,1988,2012/12/23,2012/12/18,,,read,,,,1,0
22590,Ubik,Philip K. Dick,"Dick, Philip K.",,"=""8498000831""","=""9788498000832""",4,La factoría de ideas,Paperback,288,2004,1969,2012/12/18,2012/10/03,,,read,,,,1,0
12971664,"No Safety in Numbers (No Safety in Numbers, #1)",Dayna Lorentz,"Lorentz, Dayna",,"=""0803738730""","=""9780803738737""",3,Dial Books,Hardcover,263,2012,2012,2012/10/05,2012/09/14,,,read,,,,1,0
7221943,Science Matters: Achieving Scientific Literacy,Robert M. Hazen,"Hazen, Robert M.",James S. Trefil,"=""0307456641""","=""9780307456649""",4,Anchor,Kindle Edition,360,2009,1990,,2012/04/16,,,read,,,,1,0
9682791,"The Bourne Dominion (Jason Bourne, #9)",Eric Van Lustbader,"Lustbader, Eric Van",,"=""0446564443""","=""9780446564441""",2,Grand Central Publishing,Hardcover,421,2011,2011,2012/09/14,2012/08/16,,,read,,,,1,0
4981,Slaughterhouse-Five,Kurt Vonnegut Jr.,"Jr., Kurt Vonnegut",,"=""""","=""""",2,Dial Press,Paperback,275,1999,1969,2012/08/10,2012/07/28,,,read,,,,1,0
229108,The Soloist,Mark Salzman,"Salzman, Mark",,"=""0679759263""","=""9780679759263""",3,Vintage,Paperback,284,1995,1994,2012/07/28,2012/07/09,,,read,,,,1,0
42697,Exodus,Leon Uris,"Uris, Leon",,"=""0553258478""","=""9780553258479""",2,"Bantam Books, Inc.",Mass Market Paperback,599,1986,1958,2012/07/09,2012/05/03,,,read,,,,1,0
375802,"Ender’s Game (Ender's Saga, #1)",Orson Scott Card,"Card, Orson Scott",,"=""0812550706""","=""9780812550702""",5,Tor,Mass Market Paperback,324,2004,1985,2012/07/01,2012/06/23,,,read,,,,1,0
11,"The Hitchhiker’s Guide to the Galaxy (Hitchhiker's Guide to the Galaxy, #1)",Douglas Adams,"Adams, Douglas",,"=""""","=""""",4,Del Rey Books,Mass Market Paperback,216,2005,1979,2012/06/13,2012/06/10,,,read,,,,1,0
5907,"The Hobbit, or There and Back Again",J.R.R. Tolkien,"Tolkien, J.R.R.","Douglas A. Anderson, Michael Hague, Jemima Catlin","=""""","=""""",4,Houghton Mifflin,Paperback,366,2002,1937,,2012/04/16,,,read,,,,1,0
43615,"The Gunslinger (The Dark Tower, #1)",Stephen  King,"King, Stephen",,"=""""","=""""",1,Plume,Paperback,231,2003,1982,2012/06/03,2012/06/02,,,read,,,,1,0
7889113,"The Girl Who Kicked the Hornet's Nest (Millennium, #3)",Stieg Larsson,"Larsson, Stieg",Reg Keeland,"=""0857380516""","=""9780857380517""",3,MacLehose Press,Paperback,743,2010,2007,,2012/04/16,,,read,,,,1,0
381440,The Society of the Spectacle,Guy Debord,"Debord, Guy",Donald Nicholson-Smith,"=""0942299795""","=""9780942299793""",0,Zone Books,Paperback,154,1995,1967,,2012/05/27,to-read,to-read (#2),to-read,,,,0,0
4381,Fahrenheit 451,Ray Bradbury,"Bradbury, Ray",,"=""0307347974""","=""9780307347978""",3,DeBolsillo,Mass Market Paperback,158,2004,1953,2012/05/05,2012/04/22,,,read,,,,1,0
451720,Mind Gym: An Athlete's Guide to Inner Excellence,Gary Mack,"Mack, Gary",,"=""0071395970""","=""9780071395977""",3,McGraw Hill,Paperback,224,2002,2001,2012/04/27,2012/05/02,,,read,,,,1,0
13145,"Along Came a Spider (Alex Cross, #1)",James  Patterson,"Patterson, James",,"=""0446692638""","=""9780446692632""",5,"Little, Brown and Company",Paperback,449,2003,1993,2012/05/01,2012/04/22,,,read,,,,1,0
14743,The God Delusion,Richard Dawkins,"Dawkins, Richard",,"=""0618680004""","=""9780618680009""",4,Houghton Mifflin Co.,Hardcover,374,2006,2006,,2012/04/16,,,read,,,,1,0
11256979,The Magic of Reality: How We Know What's Really True,Richard Dawkins,"Dawkins, Richard",Dave McKean,"=""1439192812""","=""9781439192818""",4,Free Press,Hardcover,271,2011,2011,,2012/04/16,,,read,,,,1,0
5129,Brave New World,Aldous Huxley,"Huxley, Aldous",,"=""0060929871""","=""9780060929879""",3,HarperPerennial / Perennial Classics,Paperback,288,1998,1932,,2012/04/21,,,read,,,,1,0
1852773,Family Guy and Philosophy,J. Jeremy Wisnewski,"Wisnewski, J. Jeremy",,"=""140516316X""","=""9781405163163""",4,Wiley-Blackwell,Paperback,222,2007,,,2012/04/16,,,read,,,,1,0
5470,1984,George Orwell,"Orwell, George",,"=""""","=""""",5,New American Library,Mass Market Paperback,328,1950,1948,,2012/04/16,,,read,,,,1,0
29579,"Foundation (Foundation, #1)",Isaac Asimov,"Asimov, Isaac",,"=""0553803719""","=""9780553803716""",1,Bantam,Hardcover,244,2004,1951,,2012/04/16,,,read,,,,1,0
66729,"The Cartoon Guide to Chemistry: A Humorous Illustrated College-Level Course―From Solubility and the Mole to Biochemistry (Cartoon Guide Series, 10)",Larry Gonick,"Gonick, Larry",Craig Criddle,"=""0060936770""","=""9780060936778""",3,William Morrow Paperbacks,Paperback,256,2005,,,2012/04/16,,,read,,,,1,0
55354,Napalm & Silly Putty,George Carlin,"Carlin, George",,"=""0786887583""","=""9780786887583""",5,Hachette Books,Paperback,269,2002,2001,,2012/04/16,,,read,,,,1,0
7082,Do Androids Dream of Electric Sheep?,Philip K. Dick,"Dick, Philip K.",Roger Zelazny,"=""""","=""""",4,Del Rey / Ballantine Books,Paperback,244,1996,1968,,2012/04/16,,,read,,,,1,0
5060378,The Girl Who Played with Fire (Millennium #2),Stieg Larsson,"Larsson, Stieg",Reg Keeland,"=""0307269981""","=""9780307269980""",5,Alfred A. Knopf,Hardcover,503,2009,2006,,2012/04/16,,,read,,,,1,0
2429135,"The Girl With the Dragon Tattoo (Millennium, #1)",Stieg Larsson,"Larsson, Stieg",Reg Keeland,"=""0670069019""","=""9780670069019""",5,Viking Canada,Hardcover,480,2008,2005,,2012/04/16,,,read,,,,1,0
